company_name,company_code,question,answer,ask_date
上港集团,(600018),上港集团在证监会换帅之后，与其他上市公司不同，其股价不升反降，此情况非常反常。请问是上港集团内部出现了什么问题吗？,上市公司二级市场股价波动会受宏观经济、大盘走势、市场环境、市场预期等诸多复杂因素影响。公司目前生产经营正常稳定，将持续聚焦自身发展，努力提升整体价值，力争以优异的业绩回报股东。,2024年02月22日
上港集团,(600018),上港集团，我一直持有贵公司的股票。但发现上港集团的ESG评级与行业标杆相比仍有较大提升空间，未来是否会继续制定与ESG相关的提升计划并加大信息披露？另外，在环境方面，若实施清晰的能源消耗控制计划等措施，将能为上港集团带来客观的收益，建议公司对此进行改进。,我们高度重视ESG建设和发展，连续多年发布可持续发展报告，持续关注外部评价。我们不断提升治理水平，积极推动节能减排和绿色低碳发展，注重员工保障等可持续发展重要议题。我们将持续深化可持续发展理念，不断推进ESG建设和发展。,2024年01月26日
上港集团,(600018),上港集团在2020年年报中披露实施的“区块链综合服务平台”属于私有链、开放链还是联盟链？,长江港航区块链综合服务平台属于港航联盟链。,2024年01月29日
上港集团,(600018),上港集团在2020年年报中披露实施的“区块链综合服务平台”是否提高了与客户共享数据信息的要求？对上港集团客户构成有影响吗？,公司于2020年投入使用长江港航区块链综合服务平台，该平台实现系统间信息互联、业务互通、数据互认，进而达成港口服务电子化、网络化、无纸化目标，有效提升港口服务效率及信息传递的时效性和安全性，并为客户提供更加便捷和优质的服务。通过数据信息共享，我们丰富了客户服务内容。,2024年01月29日
上港集团,(600018),近五年，上港集团的客户数量平均是多少？,公司主要从事港口相关业务，主要客户涉及船公司、货主等。,2024年01月29日
上港集团,(600018),上港集团近几年业绩增长，归母净利润达到了一百多亿以上，然而股利支付率却达到了该集团历史最低的百分之十九不到，这损害了投资者的利益，伤害了投资者的信心，直接影响了上港集团的股票价值，是公司股票价格低迷的原因所在。上港集团不能只顾投资而忽视大多数股东的权益，强烈要求公司修改章程，提高股利支付率。,公司十分重视股东回报，致力于经营业绩的可持续增长，旨在以长期、稳定、优良的业绩回报全体股东。对于您的建议，我们已收到并高度重视。,2024年01月04日
上港集团,(600018),请问上港集团有转融通业务吗？,公司目前没有转融通业务。,2023年12月27日
上港集团,(600018),上港集团23年三季报显示，上港集团净利润同比降低。根据碧湾APP分析，净利润为120.04亿元，去年同期为161.22亿元，同比下降25.54%。净利润同比下降的原因是上港集团投资收益本期为59.09亿元，同比大幅下降38.30%。请问投资收益本期下降的原因是什么？,主要原因是公司参股航运公司利润同比减少。,2023年12月19日
上港集团,(600018),我关注到上港集团在业内的能源、电力使用和废物产生量都处于一个比较高的水平，在碳减排的压力下上港集团有没有对这个问题进行一些调整和优化？另外，上港集团对ESG这个指标怎么看？我查了下MSCI的评级是B，华证的评级是BB，这些评级与业内领先水平存在差距，请问上港集团如何看待这一情况？,公司牢固树立创新、协调、绿色、开放、共享的发展理念，始终将生态文明建设、绿色发展理念融入港口发展的各方面和全过程，致力于构建清洁低碳港口用能体系。公司高度重视ESG相关工作，始终坚持贯彻ESG的可持续发展理念，并连续多年发布可持续发展报告。公司将结合实际情况，进一步强化相关工作。,2023年12月12日
上港集团,(600018),请问上港集团认为自身面临怎样程度的气候风险？其中面临的物理气候风险、转型气候风险分别为怎样的程度？请上港集团分别为自身面临的气候风险（整体）、物理气候风险、转型气候风险的程度打分，请打1-5分，1表示面临的风险程度最低，5表示面临的风险程度最高。,公司十分重视并采取积极策略识别、应对气候风险，持续提升多维度的气候风险管理能力。,2023年12月06日
上港集团,(600018),"上港集团去年利润172亿，分配了32亿。22年度上港集团现金分红金额占合并报表中归属于上市公司股东的净利润比例为18.93%。
近期上港集团股价非常低迷，跌破净资产。作为一家负责任的国企，希望上港集团拿出诚意，对A股进行回购，给深爱公司的投资者一丝持股信心。",二级市场股价波动会受到宏观经济、大盘走势、市场环境、市场预期等诸多复杂因素影响。公司正努力争取经营业绩的可持续增长，以长期、稳定、优良的业绩回报投资者。目前，公司并无回购计划。,2023年11月13日
上港集团,(600018),《公司章程》明确规定，上港集团每年应将当年利润中不少于50％的可分配利润向股东进行分配，为什么2022年分红只占合并报表归属上港集团股东净利润的19%？,"根据《上海证券交易所股票上市规则》相关规定，上市公司在制定利润分配方案时，应以母公司报表中可供分配利润为依据。公司2022年度利润分配方案基于经审计的母公司财务报表数据，决定派发现金红利3,259,780,265元，这一数额超过2022年可分配利润的50%，符合《公司章程》对现金分红比例的要求。",2023年11月09日
上港集团,(600018),上港集团的股票价格多年来未见提升，这可能与股票市场有关，但无疑也与上港集团自身有联系。在自家股票市值尚未管理妥当的情况下，上港集团又进行了分拆上市的操作。对于上港集团领导层的想法，不清楚其究竟是出于对公司发展的深思熟虑还是其他原因。,二级市场股价波动会受到宏观经济、大盘走势、市场环境、市场预期等诸多复杂因素影响，公司致力于争取经营业绩的可持续增长，以长期、稳定、优良的业绩回报全体股东。,2023年11月02日
上港集团,(600018),向上港集团子公司上港足球俱乐部夺取今年中超联赛冠军表示祝贺，明年是否会加大上港足球俱乐部的投入，为取得更好的成绩做准备，每年红利少分点，以便上港集团能够将更多资金投入到俱乐部中。,有关俱乐部相关信息，请关注俱乐部官方发布。,2023年10月31日
上港集团,(600018),上港集团这几年业绩有了明显提升，有没有计划提高分红率？,公司高度重视股东回报，《公司章程》明确要求，每年须将不少于当年利润50％的可分配利润分配给股东。公司将依据《公司章程》执行积极稳定的股利政策，敬请关注公司发布的年度利润分配方案公告。,2023年10月23日
上港集团,(600018),上港集团自启动分拆上市计划以来，其股价持续下跌，上港集团董事会是否考虑停止进行分拆上市计划，以稳定上港集团的股价？同时，上港集团是否回购股份，以防止股票持续下跌呢？,今年9月，中国证监会发布《关于同意上海锦江航运（集团）股份有限公司首次公开发行股票注册的批复》，同意锦江航运首次公开发行股票的注册申请。目前，公司正推进子公司锦江航运上市的相关工作。二级市场股价波动受宏观经济、大盘走势、市场环境、市场预期等多种复杂因素影响，公司致力于争取经营业绩的可持续增长，以长期、稳定、优良的业绩回报全体股东。,2023年10月19日
上港集团,(600018),上港集团自2020年以来，估值水平处于行业垫底位置，上港集团是否真诚重视中小股东利益？上港集团是否分析过估值偏低的原因？上港集团是否考虑过包括国资和中小股东在内的低收益问题？,公司高度重视股东利益。在资本市场，公司的估值受宏观经济形势、投资者风险偏好及公司经营业绩等多元因素影响。公司将致力于主业经营的提升，增强盈利能力和市场竞争力，以优秀的业绩回馈广大投资者。同时，公司通过官网、邮箱、投资者热线、股东大会、业绩说明会、投资者接待、上证E互动等多种渠道，不断强化与投资者的沟通交流，并积极传播公司价值。,2023年09月11日
上港集团,(600018),上港集团人均薪酬远高于同行业是什么原因？,公司积极探索建立以公平为基础、效率为导向、岗位为核心、绩效为依据的富有竞争力的激励型薪酬分配机制。公司根据国家法律法规制定了相关薪酬管理制度，并严格执行国家有关劳动人事的法律法规，规范实施公司薪酬福利的分配和支付。,2023年09月07日
上港集团,(600018),上港集团是否对离退休人员有其他待遇？,公司离退休人员依据国家有关法规规定，按月领取由社会保险部门发放的基本养老金。同时，公司按照对离退休人员关心关爱的相关政策，为其提供相关服务。,2023年09月07日
上港集团,(600018),上港集团23年度半年报利润表中联合营公司投资收益与注释差160959.73元，而22年半年报前后完全相符，请问是什么原因造成这种情行？,差额系2022年度下属子公司向其联营单位购买资产，属于逆流交易。根据会计准则，资产增值部分对应的内部交易损益后续通过固定资产折旧实现，本期已通过资产折旧转回。,2023年09月01日
上港集团,(600018),上港集团23年度半年报中应收股利9.8亿一项，是否为邮储银行的分红尚未到账？除邮储银行分红外，其他联合营公司的宣告分红均已到账，是这样吗？,半年报中应收股利9.8亿元系应收邮储银行分红，其他合联营公司宣告分红均已到账。,2023年09月01日
上港集团,(600018),请问拆分锦江航运后，上港集团的净资产会增加吗？,本次分拆上市完成后，上港集团仍将控制锦江航运，锦江航运仍为合并财务报表范围内的子公司，其财务状况、经营成果和盈利能力将持续反映在合并报表中。尽管分拆将导致公司持有锦江航运权益的摊薄，但通过本次分拆上市，锦江航运的投融资能力及市场竞争力将进一步提升，资本实力得到增强，业务发展也将提速，这有助于提升公司未来的综合竞争能力和整体盈利水平。,2023年07月17日
上港集团,(600018),我想请上港集团董事长回答，上港集团的股票价格一直在下跌，董事长认为是什么原因造成的，董事会成员是否也有过讨论，出台一些稳定的政策。2022年上港集团的业绩明明非常靓丽，但股票价格并未提升。,公司股价波动受多种因素影响，其中公司基本面是重要因素，宏观经济状况和二级市场供求关系的影响也不容忽视。公司注重市值管理，通过多渠道与广大投资者保持沟通，积极传递公司发展价值。同时，公司致力于实现经营业绩的可持续增长，以长期、稳定、优良的业绩回报全体股东。,2023年07月17日
上港集团,(600018),上港集团今年的业绩有望好转吗？,公司将于8月30日披露半年度报告，具体业绩情况可届时查阅半年度报告。,2023年07月03日
上港集团,(600018),上港集团分拆锦江航运上市时，持有上港集团股份的股东是否享有优先认购或配送锦江航运股份的权利？,根据《上市公司分拆规则(试行)》及《公司法》，结合其他A股上市公司分拆上市案例，锦江航运本次分拆上市未设置上市公司股东优先认购权。,2023年06月27日
上港集团,(600018),上港集团是否有开通新媒体沟通平台？如果有，是否会考虑在官网公示相关信息？,公司设有微信公众号“上港家园”，并在官网（www.portshanghai.com.cn）设有“投资者关系”栏目，会及时披露公司公告信息，敬请查阅。,2023年06月16日
上港集团,(600018),上港集团在较长时间内，在港口行业估值排位倒数，此市值水平与公司作为世界第一大港的地位完全颠倒。请问上港集团管理层对此有何看法和对策？建议修改《公司章程》，将分红方式调整为按照合并报表利润进行利润分配。公司是否应适当压缩资本开支，以实现股东回报和长期发展的平衡兼顾。,"一、公司在资本市场估值受到宏观经济形势、投资者风险偏好、公司经营业绩等多种因素影响。公司将致力于主营业务的优化经营，提升盈利能力和市场竞争力，以优秀的业绩回馈广大投资者。同时，公司通过官网、邮箱、投资者热线、股东大会、业绩说明会、投资者接待及上证E互动等多元渠道，持续强化与投资者的沟通交流，有效传达公司价值。

二、关于利润分配问题，《上海证券交易所股票上市规则》规定上市公司制定利润分配方案时应以母公司报表中可供分配利润为依据。同时，公司不断致力于提高自身竞争力，有效控制成本和费用的增长，持续提升盈利能力和盈利水平，力求实现对投资者长期稳定的回报。",2023年06月14日
上港集团,(600018),上港集团声称致力于为股东创造长期稳定回报，但是近几年在市值管理方面未见显著动作，分红力度一般，职工薪酬水平较高。请问上港集团如何平衡职工薪酬与分红之间的关系？,公司重视股东投资回报。我们致力于做强做优做大港口主业，以提高自身竞争力、提升盈利能力和盈利水平为目标，力求实现对投资者长期持续稳定的回报。我们通过官网、邮箱、投资者热线、业绩说明会、上证E互动等多元渠道加强与投资者的沟通交流，有效传递公司发展价值。自上市以来，公司始终按照《公司章程》的规定，及时、足额向股东进行利润分配，保障股东权益。在职工薪酬方面，公司积极构建公平为基础、效率为导向、岗位为核心、绩效为依据的激励型薪酬分配机制，并依据国家法律法规制定了相关薪酬管理制度，严格执行国家劳动人事法律法规，规范实施公司薪酬福利的分配和支付。,2023年06月05日
上港集团,(600018),"上港集团分红方案看似符合规定。然而，通过查阅其他上市公司的利润分配方案，发现多数是依据合并报表归属于母公司的净利润为基数来制定分红方案。例如，青岛港2022年的分红方案中，“当年可用于分配利润计算口径为按中国会计准则编制的合并财务报表中归属于母公司的净利润扣减累计亏损弥补额、母子公司计提的法定公积金及必要的其他储备金额等”。因此，上港集团的净利润分配基数是否就是年报第144页所示数字“17,223,915,520.79”？请予以解释说明。","根据《上海证券交易所股票上市规则》“5.3.2 条款，上市公司在制定利润分配方案时，应以母公司报表中可供分配利润为依据”。公司2022年度利润分配方案基于经审计的母公司财务报表数据，该年度，公司母公司净利润为人民币7,230,118,307.20元。按照《公司章程》相关规定，提取法定公积金10%之后，可分配利润为人民币6,507,106,476.48元。",2023年05月29日
上港集团,(600018),"上港集团2022年年报显示，第6页归属于上市公司股东的净利润为17,223,915,520.79元，约合172.24亿元，每股收益0.7423元。根据22年资产负债表，当年净利润提取了法定公积和任意盈余公积共22.25亿，向少数股东分配8.25亿。鉴于上港集团近年来未出现亏损无需弥补亏损，因此剩余的净利润141.74亿被视为可供股东分配的利润。据此计算，22年分红32.6亿占可分配利润比率是23%，并未出现分红率超过50%的情况。",根据《上海证券交易所股票上市规则》“5.3.2 条款规定，上市公司在制定利润分配方案时，应以母公司报表中可供分配利润为依据。本公司利润分配方案即以此为基础，基于经审计的母公司可供分配利润。公司已在2023年4月4日发布了2022年年度利润分配方案公告，具体分配方案内容请参阅公告内容。,2023年05月26日
上港集团,(600018),上港集团称自己已分红的金额达到“可分配利润的50%”，请问公司如何定义“可分配利润”？且既然为可分配利润，为何上港集团每年都只分50%，是因为公司的实际支付能力仅有50%吗？上港集团股价常年市盈率在10以下，市净率徘徊在1左右……公司如何看待这与分红能力之间的关系。,一、根据《上海证券交易所股票上市规则》第5.3.2条，上市公司在制定利润分配方案时，以母公司报表中经审计的可供分配利润为依据。二、“可分配利润”是指，根据《公司法》第167条规定，公司在弥补亏损和提取公积金后的税后利润，按照股东持有的股份比例进行分配。三、公司每年的分红方案遵循《公司章程》，同时综合考虑股东利益、公司财务状况、经营策略，包括扩大生产、对外投资以及应对不确定风险和机遇所需的资金需求。四、公司的市盈率和市净率等指标不能直接体现其分红能力，分红能力需结合公司的财务稳定性和经营策略等因素进行全面评估。,2023年05月25日
上港集团,(600018),2022年年报第17页中“主营业务分行业、分产品、分地区、分销售模式情况”显示上港集团营收合计为361.95亿，而同一页公布的上港集团营收为372.80亿，存在十多亿的差别。统计前几年的年报发现也有类似现象，每年的差别大致为十来亿，请问出现这种差别的原因是什么，中间相差的十来亿具体是指什么。,公司按照会计准则和监管要求披露财务数据。2022年，公司营业收入为372.80亿元，其中包含主营业务收入及租金等其他业务收入。,2023年05月23日
上港集团,(600018),上港集团负债率很低，营业现金流长期充沛，但是今年的股利支付率却仅有19%，且过去数年一直保持较低水平。作为一个现金流充沛的企业，上港集团为何要留存大量现金而不进行分配呢？在资本市场上，许多负债率和经营现金流状况逊于上港集团的国企，其股利支付率却可以达到30%以上。作为投资者，请上港集团对此做出解释。,公司利润分配方案以经审计的母公司财务报表数为基准，2022年年度利润分配方案合计拟派发现金红利总额超过公司2022年可分配利润的50%，满足《公司章程》中现金分红比例的规定。在制定此方案时，公司已充分考虑发展战略、项目重大资金支出安排，并平衡了对投资者的合理回报和公司的可持续发展需求。公司将持续提升竞争力，努力提高盈利能力和盈利水平，致力于实现对投资者长期持续稳定的回报。,2023年05月19日
上港集团,(600018),关于22亿委托贷款利率为2.3％，如果是上港集团的全资子公司，是否应考虑市场化利率；如果不是全资子公司，是否存在利率折扣过多的问题，是否会损害股东利益？,公司年报中披露的单项委托贷款情况，是公司下属子公司按照股权比例，对包含公司在内的股东，按照同等条件发放的委托贷款，不存在损害股东利益的情况。,2023年05月09日
上港集团,(600018),上港集团其他应收款中计提了2.02亿的房地产包销款坏账，占比很大。作为股东，感觉损失很痛心，请问上港集团后期对于此类坏账风险有何改进管控措施？,公司根据《企业会计准则》，结合实际情况制定了《营业收入管理办法》、《资产减值准备计提与财务核销管理办法》等制度，旨在建全客户信用及应收款项管理机制，有效控制和降低坏账风险。,2023年05月04日
上港集团,(600018),上港集团负债率很低，营业现金流长期充沛，但是为什么分红率却一直保持在30%以下的较低水平？,公司利润分配方案以经审计的母公司财务报表数据为基准，2022年年度利润分配方案合计拟派发现金红利总额超过2022年可分配利润的50%，符合《公司章程》中现金分红比例的要求。在制定此方案时，已统筹考虑了公司发展战略、项目重大资金支出安排，以及对投资者的合理回报和公司的可持续发展。公司将持续致力于提升自身竞争力，提高盈利能力和盈利水平，以实现对投资者长期持续稳定的回报。,2023年04月25日
上港集团,(600018),上港集团如何践行国家号召，促进国有资产保值增值。为何这一点点分红是否显得过于吝啬。是否认为上港集团股价严重高估，应跌至三块左右更为合适？,公司不断完善现代企业治理体系，不断深化体制机制改革，聚焦主业核心竞争力，以新发展理念统筹港口运营管理能力、综合服务能力，加快数智化转型。近年来，公司主业保持快速发展，经济运行质量稳步提升，有效促进了国有资产保值增值。公司年度分红方案严格遵循《公司章程》及有关分红政策的规定，并在制定过程中充分考虑了发展战略以及项目重大资金支出安排，力求兼顾对投资者的合理回报和公司的可持续发展。公司未来将致力于提升自身竞争力，进一步提高盈利能力和盈利水平，旨在为投资者实现长期持续稳定的投资回报。,2023年04月12日
上港集团,(600018),上港集团目前有多少泊位？上港集团的泊位停靠能力如何？这些泊位分布在哪些地方？,上海港集装箱码头主要分布在洋山、外高桥、吴淞三大港区，其中，洋山港区集装箱泊位超过二十个，可满足一万标准箱以上超大型集装箱船舶全天候满载进出港。,2023年04月06日
上港集团,(600018),上港集团不断盈利不断大手笔投资，请问如何善待中小股东？,公司的发展需要所有投资者的帮助和支持，我们锐意进取，求真务实，在广大投资者的支持下实现了经营业绩、资产规模和市场竞争力的稳步提升。公司始终坚持规范运作，高度重视股东权益保护，特别是中小股东权益。公司矢志推进高质量发展，积极提升经营效益，确保公司利润可持续增长，并秉持发展企业、回报股东、回报社会的理念。为加强沟通交流，我们通过多种渠道与投资者保持紧密联系。,2023年04月04日
上港集团,(600018),年报和分红计划的公布时间请问上港集团何时可以公布。建议上港集团未来增加分红，以便改善其在资本市场上的形象并树立价值投资的典范，从而促进国有股权的价值提升与增值，这是正确的道路，上港集团应向其他优秀的央企国企学习。,根据公司在上交所预约的年度报告披露时间，公司将于2023年4月4日对外公布2022年年度报告，并同时披露公司年度利润分配方案。,2023年03月29日
上港集团,(600018),上港集团目前业务量比往年如何？对今年业绩影响有多大？,公司月度和往年业务量情况在公司官网（www.portshanghai.com.cn）上进行了披露，建议您查阅。,2023年03月01日
上港集团,(600018),上港集团严总提到2023年10项重点工作，其中第5项推动上港集团传统主业向产业链两端延伸和第7项深化国资国企改革的主要举措有哪些？,公司在推动传统主业向产业链两端延伸方面，将继续贯彻落实“长三角一体化”发展战略，加快新区域拓展，加速新业态培育。在深化国资国企改革方面，公司将按计划推进锦江航运分拆上市等工作。,2023年02月06日
上港集团,(600018),上港集团，罗泾港区集装箱码头改造一期已开始动工建设，估计何时可以完工投入运行？,上海港罗泾港区集装箱改造一期工程已于2022年12月开工建设，计划建设周期为一年。,2023年02月06日
上港集团,(600018),上港集团，咨询两个问题：1、上港集团在2023年，是否会探索地主港管理模式？2、上港集团在2023年，是否与贸易、金融互动发展，构建产业生态计划？,"1. 地主港管理模式是港口管理当局发展当地港口设施的一种常见做法，欧美等国外大部分港口均采用这种模式。
2. 在“十四五”期间，公司计划积极利用新科技手段，开拓新区域市场，目标在于构建并保持领先优势，发展新型服务业态。为此，公司将通过创新应用云平台、金融科技及5G等新技术，赋能码头创新平台生态的建设与发展。",2023年01月31日
上港集团,(600018),上港集团在2023年是否会探索地主港管理模式？上港集团在2023年是否会与贸易、金融互动发展，构建产业生态计划？,一、地主港管理模式是欧美等国外港口普遍采用的一种港口设施发展做法。二、“十四五”期间，公司计划积极利用新科技，开辟新区域市场，致力于构建领先优势，开发新的服务业态，并通过创新应用云平台、金融科技及5G等新技术来赋能码头创新平台生态。,2023年01月20日
上港集团,(600018),上海服务国家一带一路建设发挥桥头堡作用行动方案中，明确上港集团作为打造海上丝绸之路港航合作机制以及进一步拓展完善航线航班网络布局的责任部门，想请问一下上港集团目前在这两方面的推进进度。,公司持续提升港口智能化、自动化水平，通过投入自动化码头新设备设施以及持续推进传统码头的智能化改造，助力码头产能升级，不断强化“海丝桥头堡”服务优势。公司正持续推进以色列海法新港项目，该项目作为公司积极响应“一带一路”倡议的标志性项目，已于2022年9月顺利运行一周年。公司下属航运子公司在不断扩大航运服务网络，不断提升互联互动服务能力。,2023年01月13日
上港集团,(600018),自从上港集团发布分拆上市以来，上港集团股票基本以下跌为主，请问上港集团股票分拆上市时间表何时公布？是否已取消分拆上市计划？,公司目前正在积极推进分拆上市事宜，具体进展情况请以公司对外披露的公告为准。,2022年12月15日
上港集团,(600018),请问上港集团旗下的海港未来LNG船运营情况怎么样，产能利用率达到什么状况？,“海港未来”轮是一艘2万立方米LNG燃料加注船，可满足目前最大的LNG动力船舶的一次性加注需求。3月15日，上海港完成中国港口首次LNG“船到船”同步加注作业，为达飞集团LNG动力超大型集装箱船“锡米”号提供保税LNG同步加注作业服务。10月25日，公司为达飞集团LNG动力超大型集装箱船“LIBERTY”号再次提供保税LNG同步加注作业服务，本次加注作业历时11.5小时，服务效率实现进一步突破。当前，上海港保税LNG加注业务已实现常态化运营。,2022年11月15日
上港集团,(600018),上港集团，中远海控取代上港集团的所属集团，成为公司新的二股东。这对上港集团有什么不利影响吗？,"中国远洋海运集团有限公司计划将其持有的3,476,051,198股股份通过协议转让方式转让给中远海运控股股份有限公司。交易完成后，中国远洋海运集团有限公司将不再直接持有公司股份，而中远海运控股股份有限公司将成为持股比例超过5%的股东。此次权益变动不影响公司第一大股东及实际控制人身份。根据披露的权益变动报告，交易完成后，中远海控将进一步深化与上港集团的战略合作关系，强化供应链各环节的融合协同，并以资本为纽带，推动各方参与数字航运建设，助力构建国内大循环为主体、国内国际双循环相互促进的新发展格局。详情请参阅权益变动报告内容。",2022年10月31日
上港集团,(600018),上港集团股价常年在净资产上下。请问上港集团是否有意回购股份并注销，以增强国有控股权，应追求类似国有四大行的高度控股权，避免国有资产价值流向外人。对此您怎么看？,公司目前无股份回购计划。,2022年10月31日
上港集团,(600018),首先感谢贵公司不厌其烦地回复我们提出的问题。请问，将带有时间和姓名的股票交易软件持仓截图以及身份证一并扫描发送至上港集团邮箱，是否可以获知非定期报告相关时点的上港集团股东人数？盼明确具体答复。例如，截至2022年9月20日，上港集团的股东人数是多少？,公司严格按照有关法律法规及相关规定履行信息披露义务，在定期报告中公开披露报告期末的股东人数情况。您可致电021-35308688进行咨询。,2022年09月26日
上港集团,(600018),上港集团是否建立财务共享中心，如建立，请问具体是在哪一年？如果按照1-5分对财务共享相关的组织人员、业务流程、运营管理以及信息系统的运行水平进行评分（1代表水平较差，5代表水平极高），上港集团对这四项分别打多少分？如果按照初建期、提升期、稳定期、成熟期、卓越期和衰退期来描述财务共享实施的阶段，上港集团认为自身处于哪一阶段？如果没有建立财务共享中心，上港集团是否有使用大数据等信息技术进行财务集中核算处理？期待回答。,公司目前尚未建立财务共享中心。公司通过建立规范的财务管理制度和流程，保障财务系统有效运行。,2022年09月26日
上港集团,(600018),请问上港集团原董事长陆海祜是哪里人，出生地是哪里？,关于公司董监高基本信息，请参阅公司在上海证券交易所及指定信息披露媒体发布的相关公告。,2022年09月29日
上港集团,(600018),每年上港集团投入海港足球俱乐部多少钱，不能用来回报股民吗？,公司涉足足球事业，是公司发展自身、回报社会，积极履行社会责任并投身上海城市建设和体育发展的一项内容。公司一贯重视股东投资回报，自上市以来始终按照《公司章程》的有关规定，实施积极的股利政策，坚持高比例现金分红，切实维护股东权益。,2022年08月29日
上港集团,(600018),首先感谢贵公司不辞辛劳地回复我们提出的问题。请问，将带有时间和姓名的股票交易软件持仓截图和身份证一并扫描发送至上港集团公司的邮箱，可以获知非定期报告相关时点的上港集团股东人数吗？盼贵公司能给出具体、明确的答复。例如，截至2022年8月20日，上港集团的股东人数是多少？,公司严格按照有关法律法规及相关规定履行信息披露义务，在定期报告中公开披露报告期末的股东人数情况。2022年8月30日，公司披露了2022年半年度报告，其中包含截至2022年6月30日的股东户数信息，建议查阅。如有需要，可拨打公司投资者热线021-35308688进行咨询。,2022年08月24日
上港集团,(600018),请问上港集团足球俱乐部是否属于上港集团的子公司？,公司于2014年完成了对上海东亚足球俱乐部的整体收购后，足球俱乐部成为公司的子公司。,2022年08月22日
上港集团,(600018),问题1、上港集团市值长时间处于合理估值以下，请问上港集团是否有市值管理的计划？2、关于公众持股量（比例），观察22年7月29日数据，控股股东合计持股比例83.2％，上港集团的公众持股量（比例）是否符合证监会要求？大比例股份被关联股东持有及占比较低的公众持股量（比例），一般会导致股东权益受损。请答疑解惑。,"关于市值管理方面，股价波动受多种因素影响，公司基本面是重要因素，同时宏观经济状况和二级市场供求关系的影响也不容忽视。公司重视市值管理，致力于保持业绩可持续增长，并通过官网、邮箱、投资者热线、股东大会、业绩说明会、投资者接待、上证E互动等渠道加强与投资者的沟通交流，有效传递公司发展价值。

其次，在公众持股比例方面，公司股本总额为人民币232.84亿元。根据《上海证券交易所股票上市规则》15.1相关规定，社会公众股东持有的股份需高于公司总股本的10%，以满足股权分布的上市条件。目前，公司社会公众股东持有的股份比例符合这一规定要求。",2022年08月11日
上港集团,(600018),上港集团21年分红44亿（还没到手），全员薪酬73亿（已经装到荷包），看着这些冰冷的数据，产生强烈对比，请上港集团说明一下，以便理解。,《公司章程》规定，公司应采取积极的股利政策，每年分配不少于当年利润50％的可分配利润给股东，分配方式可为现金、股票或两者结合，以及其他法律、行政法规许可的形式。其中，优先考虑现金分红。公司自上市以来，分红比例始终符合《公司章程》的规定，维持了较高的分红派息比例。另外，《公司章程》还规定，股东大会通过派现、送股或资本公积转增股本提案后，公司须在股东大会结束后2个月内实施具体方案。2022年6月28日，公司召开了2021年年度股东大会，审议通过了公司2021年度利润分配方案，公司将严格遵循《公司章程》相关规定执行，并按规定履行信息披露义务，请关注公司公告。,2022年08月03日
上港集团,(600018),上港集团在职员工13546，退休人员28729，请问退休人员都是社会统筹吗？21年薪酬方面支出73.5亿，占上港集团总营收343亿的21.4％，占上港集团总营业成本266亿的27.6％，同行业宁波港同口径占比分别为18.6％和22.8％，请问是什么原因造成这种较大差异？,公司离退休人员依据国家法规，按月领取由社会保险部门发放的基本养老金。关于职工薪酬信息，请参阅2021年年度报告“第十节财务报告”下的“七、合并财务报表项目注释”中“应付职工薪酬”部分。宁波港相关信息，请关注其对外披露的信息。,2022年08月03日
上港集团,(600018),查阅资料：上港集团母港本部利润占比约45%，宁波港母港本部利润占比约75%，绝对数上港集团本部毛利润79亿、宁波港毛利润49亿。上港集团21年短期薪酬（工资、奖金、津贴和补贴）合计50亿，占营收14.6%，宁波港21年短期薪酬（工资、奖金、津贴和补贴）合计30亿，占营收12.9%。上港集团投资（见长期股权投资及收益）业务出众，本部业务表现一般，已制定大规模的股权激励方案，但覆盖率过大，金额过多，指标过低，请解释。,公司本次股权激励业绩考核指标的选取，综合反映了公司战略发展目标、股东回报质量、业务持续增长能力与运营质量情况。考核目标在设定时，充分考虑了公司经营状况、未来发展规划以及港口行业的发展特性。公司设定的指标体系与实际情况和发展目标相符合。除公司层面业绩考核之外，还对激励对象设置了严格的个人绩效考核机制，以实现对激励对象工作绩效的准确全面评价。因此，本次股权激励的考核指标具有科学性和合理性，能够有效约束激励对象，并达到计划预设的考核目的。,2022年08月01日
上港集团,(600018),"关于上港集团股权激励指标的质疑：

1、净资产收益率：考察2017年至2021年数据，上港集团的净资产收益率分别为17.9、14.21、11.46、9.8、15.8，为何设定为8点多？

2、净利润增长率：回顾2017至2021年，与前一年同比增长分别为4.28、19.37、13.5、-12.41、80.83，激励方案为何选择以20年的数据作为基数？并且，4.%的增长率几乎等同于无风险收益率。

3、港口科技投入，这主要是管理层增加预算的决策，设定这个指标有何具体意图？

4、关于标准箱：考察2017年至2021年期间，上港集团的标准箱相关数据。",公司本次股权激励业绩考核指标的选取，综合反映了公司战略发展目标、股东回报质量、业务持续增长能力与运营质量情况。考核目标兼顾了公司经营状况、未来发展规划及港口行业的发展特性，指标体系设定符合公司实际情况和发展目标。除公司层面业绩考核外，还对激励对象设置了严格的个人绩效考核，确保能够对激励对象的工作绩效进行全面且准确的评价。因此，公司本次股权激励的考核指标设定具备科学性和合理性，同时对激励对象具有约束效果，以达成计划的考核目的。,2022年07月29日
上港集团,(600018),上港集团拆分子公司上市，造成了上港集团股票许多不确定性，股价也是一直低迷下跌，同时上港集团正常的股票分红也迟迟不兑现（和2021年相比）。请问上港集团管理层如何能够保证拆分子公司上市后的上港集团一切运行正常，以及实现上港集团股民利益最大化。,根据《公司章程》第九十六条规定，股东大会通过有关派现、送股或资本公积转增股本提案的，公司将在股东大会结束后2个月内实施具体方案。公司于2022年6月28日召开了2021年年度股东大会，审议通过了公司2021年度利润分配方案，公司将严格按照《公司章程》的相关规定执行。关于公司拟分拆子公司上市事宜，这是公司强化战略布局、夯实业务发展基础的重要决策。公司始终高度重视股东权益，并将持续聚焦自身发展，努力提升公司的整体价值，力争以优异的业绩回报股东。,2022年07月25日
上港集团,(600018),上港集团股权激励价格为2.212元/股，预留股权激励为3.1元/股。业绩方面，21年对应4500万标箱，22年对应4600万标箱，23年对应4650万标箱。查阅年报显示，20年已达成4350.3万标箱，21年已达成4703.3万标箱。请上港集团对此进行说明。期待回复。,公司限制性股票激励计划中设定的公司层面业绩指标包括母港集装箱吞吐量、扣非加权平均净资产收益率、扣非归母净利润增长率、港口科技创新投入占比。这些业绩指标的选择全面体现了公司战略发展目标、股东回报质量、业务持续增长能力和运营质量状况，考核目标在制定时充分考虑了当前经营状况、未来发展规划以及港口行业特性等综合因素，确保了指标体系与公司实际情况和发展目标相契合。,2022年07月25日
上港集团,(600018),上港集团的股权登记日是哪天？,具体涉及股权登记日信息，请关注公司公告。,2022年07月26日
上港集团,(600018),请问上港集团2季度业绩如何？是否会发布业绩预告？,公司二季度经营业绩情况，请关注公司将于8月末披露的2022年半年度报告。公司将严格遵守上海证券交易所相关规定，及时履行信息披露义务。,2022年07月12日
上港集团,(600018),6月以来上港集团股票一直跌跌不休，请问是否上港集团经营管理出现了问题？,目前，公司生产经营正常，业务发展稳健向好；公司管理层高度重视股东权益，积极做好经营管理工作，稳步提升公司经营业绩，并不断加强信息披露和投资者关系管理。公司二级市场股价的短期波动受到宏观经济、大盘走势等诸多复杂因素影响。公司将持续聚焦自身发展，努力提升公司的整体价值，力争以优异的业绩回报股东。,2022年07月15日
上港集团,(600018),上港集团股价长期低迷的原因：股权结构问题，股价被存在真实交易的外资沪股通控制。前10大股东中只有香港中央结算有限公司（沪股通）占比1.68%是真正流通盘，其余各大股东基本都不交易。问题在于：上港集团的领导层是否意识到这个问题？上港集团应如何摆脱股价被外资控制这一实际问题？请以实事求是的态度回答这个问题。,上市公司二级市场股价的短期波动会受宏观经济、大盘走势、市场环境、市场预期等诸多复杂因素影响。,2022年07月07日
上港集团,(600018),上港集团一直是中国人的骄傲，该集团在生产、技术、管理等方面表现先进。2021年及2022年第一季度，上港集团业绩同比增长显著，但其股票价格却持续徘徊不前。上港集团管理层是否应对此进行反思？,股价波动受多种因素影响，其中公司基本面是重要因素，但宏观经济状况与二级市场供求关系对股价的影响也不容忽视。公司重视市值管理，致力于保持业绩的可持续增长。同时，公司通过官网、邮箱、投资者热线、股东大会、业绩说明会、投资者接待及上证E互动等多样化渠道加强与投资者沟通交流，有效传递公司发展价值。,2022年07月04日
上港集团,(600018),上港集团21亿的委托贷款年利息才2.3%，这个利率是不是太低了，上港集团是出于什么考虑定的这个利率？,公司年度报告中披露的单项委托贷款情况，是公司下属子公司按照股权比例，对包含本公司在内的股东，按照同等条件发放的委托贷款。,2022年07月04日
上港集团,(600018),上港集团是否开通微博？如有开通，请问微博开通时间和微博名是什么？,公司目前未开通微博。有关信息请关注公司指定信息披露媒体上海证券交易所网站以及《上海证券报》、《中国证券报》、《证券时报》。,2022年06月21日
上港集团,(600018),上港集团一直以来生产、经营发展一切正常，但是其股价一直在低位徘徊，股价与上港集团的发展状况并不相符。请问上港集团管理层对于稳定公司股价是否已有预案，在维护股东权益方面有何具体措施？,股价波动受诸多因素影响，其中公司的基本面是重要因素，但宏观经济状况和二级市场供求关系对股价的影响也不容忽视。公司重视市值管理，致力于保持业绩的可持续增长。同时，公司通过官网、邮箱、投资者热线、股东大会、业绩说明会、投资者接待、上证E互动等多种途径加强与投资者的沟通交流，有效传递公司发展价值，提升股东信心，并切实维护股东权益。,2022年06月24日
上港集团,(600018),上港集团是否获取5月份或6月份的股东数？股东了解股东数需要提供哪些证明，发至上港集团哪个邮箱？,公司严格按照相关法律法规及规定履行信息披露义务，将在定期报告中公开披露报告期末的股东人数情况，请关注公司的定期报告。如有问题，可致电公司投资者热线021-35308688进行咨询。,2022年06月08日
上港集团,(600018),请问疫情是否影响上港集团二季度经营？,近期，上海因疫情采取了严格的管控措施，但在相关部门的积极指导下，港口企业与船公司采取了多种措施，基本保证了上海港的正常运营。公司从严从紧、从细从快落实国家和上海市各项疫情防控措施，全面实施港区闭环管理，目前港口指挥中枢高效运转，干部职工坚守生产岗位，除受极端恶劣天气影响，全港各生产单位保持24小时正常作业。公司正与长江沿线港口及广大支线航线经营人密切协作，利用长江黄金水道推行“水水中转”、“综合物流陆改水”、“海铁联运”、“公改铁”等服务，通过多措并举来保障产业链供应链稳定。,2022年05月12日
上港集团,(600018),上港集团是否有考虑过通过缩股方式进行市值管理？上海证券交易所已有缩股的先例并允许进行缩股，例如青海贤成矿业股份有限公司在2014年6月25日实施过缩股。上港集团是否会努力成为上海证券交易所中具有缩股记录的第二家上市公司？,目前公司无相关计划。公司正致力于推进高质量发展，着力提升经营效益，确保公司利润的可持续增长，并积极加强与投资者的沟通交流，有效传递公司发展价值。,2022年05月13日
上港集团,(600018),请问上港集团股东有增持吗？,公司于2022年4月7日、4月30日分别披露了《上港集团关于持股5%以上股东及其一致行动人增持达到1%的提示性公告》（临2022-015）和《上港集团关于持股5%以上股东签署＜股份转让协议＞的提示性公告》（临2022-016），请参阅公告具体内容。,2022年05月05日
上港集团,(600018),今年上港集团会开几次业绩说明会？,公司召开业绩说明会会提前发布公告，相关事项请以公司公告为准。,2022年04月24日
上港集团,(600018),上港集团下属上海海港码头足球俱乐部是否为足协加快自由身仲裁的一批国脚的引援对象？,海港足球俱乐部以打造百年俱乐部为己任，俱乐部长期致力于培养优秀的年轻球员，实现自身造血功能，并通过合理的引援提升球队综合实力。关于引援的具体信息，请关注“上海海港足球俱乐部”官方媒体平台，以官方发布为准。,2022年04月22日
上港集团,(600018),"尊敬的上港集团董秘，您好。请问上港集团可以考虑收购腾龙股份吗？腾龙股份的子公司新源动力是国际一流的氢能源燃料电池龙头企业。目前腾龙股份的资产高达35亿，并且拥有百亿多订单，其子公司新源动力也即将上市。建议上港集团可以考虑低价收购腾龙股份，谢谢。

精简后：

请问上港集团可以考虑收购腾龙股份吗？腾龙股份的子公司新源动力是国际一流的氢能源燃料电池龙头企业，目前腾龙股份资产高达35亿，拥有百亿多订单，其子公司新源动力即将上市。建议上港集团考虑低价收购腾龙股份。",公司主要从事港口相关业务。,2022年04月18日
上港集团,(600018),上港集团可以考虑收购腾龙股份吗？腾龙股份的子公司新源动力是国际一流的氢能源燃料电池龙头企业，其主要产品包括膜电极、电堆及系统等均为核心高利润产品。强烈建议上港集团收购腾龙股份。,公司主要从事港口相关业务。,2022年04月17日
上港集团,(600018),上港集团董秘，我已仔细阅读贵公司2021年报第16-19页的“主要控股参股公司分析”，注意到其中并未公布上港集团重要子公司——海港足球俱乐部的全年财务数据。按照相关规定，该子公司显然满足披露标准，且无论经营规模还是重要性程度均远高于其他已披露的子公司，另外在往年也均有正常披露。为何今年未能披露？海港足球俱乐部的财务数据对投资者投资上港集团股份具有重大意义，特此恳请告知未予披露的原因，谢谢。,公司信息披露严格遵守《上海证券交易所股票上市规则》等规定履行信息披露义务，主营业务为港口相关业务，并依据净资产规模等主要指标对主要控股参股公司进行确定。,2022年04月05日
上港集团,(600018),您好，请问贵公司今年整体经营状况还好吗？前一季度同比2011年有增长吗？如有，增了多少？疫情和俄乌战争影响是正面还是负面？谢谢。,公司于2022年4月1日披露了《2022年第一季度业绩预增提示性公告》，经财务部门初步测算，预计2022年第一季度公司实现归属于上市公司股东的净利润约人民币51.8亿元。,2022年03月26日
上港集团,(600018),3月28日，上海以黄浦江为界分区分批实施核酸筛查，浦东先行实施封控，请问上港集团是否能全力以赴，保证东海不出现多出很多飘在海上的国际货轮的情况。,公司作为城市运行重要保障单位，坚决贯彻落实我市各项疫情防控措施，全港上下统一思想，快速行动，发扬决战决胜精神。港口生产运行关键岗位、重要保障人员正坚守工作岗位，全力守护港区防疫安全，确保港口生产运行及民生和防疫物资运输畅通。目前，除极端恶劣天气影响外，全港各生产单位保持24小时作业。,2022年03月28日
上港集团,(600018),交通运输部发文下降港口费用，上港集团一些费用下降10%，如何看待这一变化，是否构成重大不利影响？,根据交通运输部近期下发的相关文件通知内容，不会对公司产生重大不利影响。,2022年03月02日
上港集团,(600018),"尊敬的董秘，您好：

请教两个问题：

1、上港集团对罗泾港区的固定资产和在建工程的减值计提，政府是否有相应补偿？
2、在财报年度中，上港集团未对宁波港的长期股权投资进行减值计提，但为何要对南京港的长期股权投资计提216,573,608.60元？这是否会形成损失？

精简后：

1、上港集团对罗泾港区的固定资产和在建工程的减值计提是否存在政府补偿？
2、上港集团为何仅对南京港的长期股权投资计提216,573,608.60元作为减值，且是否会因此形成损失？",根据有关部门环境保护的要求以及公司转型发展的需要，我们对罗泾港区相关资产进行了减值测试评估，并根据评估结果计提了固定资产减值准备，目前，相关资产未涉及政府补偿事宜。同时，我们对南京港的股权资产计提长期股权投资减值准备。,2022年03月30日
上港集团,(600018),"根据公司章程第一百六十一条所述的当年利润，并未特指上港集团母公司实现的净利润，而是指全体股民公认的上港集团上市公司当年净利润。另外，请问2021年上港集团母公司实现的净利润人民币6,988,745,217.32的统计口径是什么，与归属于上港集团上市公司股东的净利润14,682,049,061.06元差异在哪里？能否明确说明。",根据《上海证券交易所股票上市规则》的有关规定，上市公司在制定利润分配方案时，应当以母公司报表中可供分配利润为依据。,2022年03月30日
上港集团,(600018),上港集团近几年来的研发投入不断增加，研发成果显著，可喜可贺！2020年上港集团的研发投入达到8234万元，能否查询一下这8234万元中有多少是来自银行贷款？,公司2020年的研发投入均为自有资金。,2022年02月09日
上港集团,(600018),上港集团正在努力打造成为国际航运中心，但目前还需不断提高综合竞争力，请问上港集团是否也在同步推进人民币离岸金融业务？,公司将根据实际业务情况研究相关政策。,2022年02月18日
上港集团,(600018),关于分红：上港集团是否可以将对外投资的股票或者分拆上市子公司的股份进行分红？,《公司章程》中规定：公司应采取积极的股利政策，每年应将当年利润中不少于50％的可分配利润向股东进行分配。利润分配方式可包括现金、股票或两者相结合的形式，以及其他法律、行政法规所允许的分配形式。在利润分配中，优先考虑现金分红而非股票股利。,2022年02月21日
上港集团,(600018),上港集团：请问沪东码头的自动化升级项目是否已获得阶段性成果？何时能完成升级改造。,按照公司统一部署，沪东公司实施的传统集装箱码头升级改造项目已于2021年成功取得了预期的阶段成果。传统集装箱码头的自动化升级创新是一个循序渐进的过程，公司正在逐步推进实施。,2022年01月05日
上港集团,(600018),请问上港集团董秘的电话分机号是多少？总机都不知道，谢谢。,公司董秘负责的投资者接待热线电话为：021-35308688。公司总机号码为：021-55333388。,2022年01月12日
上港集团,(600018),关于上港集团分红承诺的问题，上港集团2020年度年报35页显示，上港集团2018-2020年度每年分红金额，占合并报表中归属于上市公司普通股股东的净利润的比率分别为34.73%，37.08%，35.71%。在同页的承诺事项中明确表示“每年应将当年利润中不少于50％的可分配利润向股东进行分配”。请问上港集团连续3年都没达到承诺的50%分红比率，为何却说严格履行了承诺？可供分配利润是否等于当年净利润-10%法定盈余公积？是否意味着分红要达到净利润的45%？,上港集团自上市以来，分红比例均符合《公司章程》的规定，保持了较高的分红派息比例。以2020年度利润分配为例，利润分配方案以母公司实现的净利润为基数，当年母公司实现净利润约为66亿元，提取法定公积金10%后，可分配利润约为59亿元。公司将提取后可分配利润的50%，按持股比例向全体股东进行分配，每10股派发现金红利1.28元（含税）。2020年度公司现金分红金额占合并报表中归属于上市公司股东的净利润比例为35.7%。,2022年01月14日
上港集团,(600018),"公司章程规定“上港集团每年应将当年利润中不少于50％的可分配利润向股东进行分配。”
请问上港集团自17年度开始，每年分红比率降至35%，公司章程中所指的“50％的可分配利润”具体指什么口径？根据2020年度年报第178页显示，上港集团归属母公司的净利润为83.07亿，提取法定盈余公积6.55亿，据此计算得出当期可分配利润为（83.07-6.55）亿。按照50%比例分红，理论上的分红金额应为38.26亿。但实际分红金额只有33.6亿，请问如何理解这其中存在的差距？这是否涉嫌违反承诺？",上港集团自上市以来，分红比例均符合《公司章程》的规定，保持了较高的分红派息比例。以2020年度利润分配为例，当年母公司实现净利润约为66亿元，提取法定公积金10%后，可分配利润约为59亿元。公司将这50%的可分配利润，按照持股比例向全体股东进行分配，每10股派发现金红利1.28元（含税），这一方案符合《公司章程》的相关规定。,2022年01月14日
上港集团,(600018),上港集团2021年年报业绩较好，而股票价格不涨反跌，上港集团子公司分拆上市是否是近期上港集团股票走低的主要原因？,公司筹划控股子公司锦江航运分拆上市事项，这有利于资本市场优化资源配置，促进公司及锦江航运业务的共同发展，符合公司的战略规划和长远发展。公司股价波动受多因素影响，其中基本面是重要因素，但宏观经济状况和二级市场供求关系的影响也不容忽视。公司持续关注二级市场股价表现，致力于提升效益增长，保持利润可持续增长，这是支撑股价最重要的基础。,2022年01月17日
上港集团,(600018),尊敬的董秘，您好！中远海控的运价在一年内翻了六倍，请问上港集团的码头费用为何不能相应上涨呢？这难道不是在补贴美国人吗？,船公司运价体系和码头费率体系不一样，公司码头费率主要基于国家政策、市场环境等因素进行市场化定价，并向有关部门报备。在国家发展和改革委员会及交通运输部的指导下，公司着力规范上海港港口生产经营行为，持续营造公平竞争市场环境，以促进港口行业健康发展。,2022年01月17日
上港集团,(600018),尊敬的董秘，您好！上市公司上港集团为何要维持一支足球队，这种做法似乎不太符合常规。我想了解，这支足球队的存在是基于商业考量还是政府行为？我强烈建议上港集团出售足球队。作为股东，我不愿意承担养足球队的成本。此外，请问上港集团旗下的海法港口收益何时进行并表处理？,公司关注城市体育事业发展，涉足足球事业，这是公司在发展自身、回报社会、履行社会责任以及投身上海城市建设和体育发展的一项内容。同时，这也是在国家加快发展体育产业，特别是足球产业的背景下，公司进一步涉足体育产业的一次重要尝试。关于以色列海法新港，公司全资子公司于2021年9月1日举行了开港仪式，并已纳入并表范围。,2022年01月17日
上港集团,(600018),请问上港集团何时发布年报预告？,公司严格按照《上海证券交易所股票上市规则》的有关规定，做好相关信息披露工作，请持续关注公司相关信息。,2022年01月04日
上港集团,(600018),上港集团俱乐部的预备队是否可在未来的2年内做到70%的球员都是从大学生足球联赛中非体育特长生及非体育高校进行选拔，同时用3年时间做到一线队有60%的球员是从大学生足球联赛中非体育特长生及非体育高校进行选拔？,体育是教育中不可分割的一部分，大学生足球联赛的角色预期会得到更广泛的重视。从足球运动的普及和扩大足球人口角度看，在学校推广足球项目是最有效的途径之一。海港俱乐部在建设自身职业化青训体系、实现自我造血的同时，也在积极探寻体教结合的新路径，与众多学校进行深度合作，并从中探索体教融合的可能性，旨在通过持续的积极尝试推动足球事业的可持续发展。,2022年01月04日
上港集团,(600018),上港集团“5G+L4”智能项目是否属于数字经济领域，会推广到上港集团的其他港区吗？,上海洋山港区智能重卡示范运营是推动智能网联汽车从技术研发向商业落地的前瞻探索，也是落实我国交通强国战略、加快上海城市数字化转型以及实现交通领域碳达峰、碳中和的具体举措。未来，上港集团将依托国家重点研发项目——大型集装箱港口智能绿色交通系统关键技术的研究，通过面向典型场景下的集成创新，破解临港地区、东海大桥与洋山港区域的大运量运输瓶颈，构建数字化基础设施，并加快推动智能集疏运系统的建设，以重塑智能绿色交通体系，为提升城市综合竞争力注入新动能。,2021年12月30日
上港集团,(600018),这次上港集团提价，请问对上港集团业绩提升有多大？,公司目前没有发布相关提价信息。,2021年12月17日
上港集团,(600018),请问上官新闻的宋承良和东方日体育日报的陈华是否是上港集团海港俱乐部的御用记者呢？,公司及足球俱乐部与媒体单位非从属关系，不具有约束媒体记者言论的权限。有关足球俱乐部的信息，请关注俱乐部官方网站。,2021年12月16日
上港集团,(600018),上港集团宣布内贸中转20英尺重箱由原来的160元上调至240元，并将从2022年1月1日起执行。请问上港集团的20英尺重箱业务占比多大？,公司内贸中转20英尺重箱占比约为5%。,2021年12月14日
上港集团,(600018),大通胀时代，港口的运营成本上升很大，宁波舟山港开始提价10%，请问上港集团何时也开始提价？,公司如有相关信息且达到信息披露标准，将及时履行信息披露义务，具体收费标准请以公司公示为准。,2021年12月03日
上港集团,(600018),上港集团为市值管理，加大了分红力度，市场反应良好，建议上港集团效仿中远海控，增加分红，并积极回应投资者的各类问题。,公司章程规定，公司应采取积极的股利政策，每年分配不少于当年利润50％的可分配利润给股东，分红方式可以是现金、股票或两者结合，以及其他法律、行政法规许可的形式。在利润分配中，优先考虑现金分红。自上市以来，公司分红始终遵循公司章程，保持了较高的分红派息比例。,2021年12月01日
上港集团,(600018),上港集团的第三季度新增30亿财务费用，对二级市场造成较大冲击，股价持续下跌，今年上港集团的股价几乎跌回原点。请问公司有何措施以提振股价？,截至今日收盘，公司股票收盘价格为5.57元/股，较2020年末上涨约25%。,2021年12月01日
上港集团,(600018),投资者有两个问题请教：一是上港集团近来大股东改换，对上港集团未来定位和经营管理有何方面影响？二是上港集团最新股东人数是多少，查询是否需要付费？,公司于11月16日披露了《上港集团关于股份无偿划转的提示性公告》，就股份无偿划转事项进行提示说明，该事项不会对公司正常的生产经营活动产生影响。根据中国证券登记结算有限责任公司现行业务申请规则，除特定情况（如召开股东大会或有权机关要求）外，上市公司无法查询特定日期的股东名册。公司最新股东数请查阅2021年第三季度报告中披露的相关信息。,2021年11月24日
上港集团,(600018),截至2021年11月19日，上港集团的股东数是多少？,根据中国证券登记结算有限责任公司目前业务申请规则，除特定情况（如召开股东大会、有权机关要求等）外，上市公司无法查询特定日期的股东名册。公司股东数请查阅公司定期报告中披露的相关信息。,2021年11月22日
上港集团,(600018),"您好，上港集团！请问上港集团三季度此次确认退休人员的社会化统筹外费用是一次性的吗？
去掉打招呼、寒暄语句后：

请问上港集团三季度此次确认退休人员的社会化统筹外费用是一次性的吗？",公司根据国务院办公厅相关文件精神，依据第三方机构的精算结果，根据企业会计准则对退休人员的设定受益计划，确认退休人员的社会化统筹外费用。,2021年11月19日
上港集团,(600018),上港集团三季度的管理费用比一二季度增加了很多，请问主要是什么原因？,主要原因是：根据国务院办公厅《关于国有企业退休人员社会化管理的指导意见》（厅字19号）、《国有企业退休人员社会化管理有关问题解答》（国资厅发改革〔2020〕36号）等文件精神，公司正推进实施退休人员社会化管理工作。依据第三方机构的精算结果，公司按照企业会计准则对退休人员的设定受益计划，确认了退休人员的社会化统筹外费用。,2021年11月15日
上港集团,(600018),上港集团是如何管理供应商的，有使用专门的系统吗？比如SAP、泛微OA等，还是通过其他方式去进行管理的呢？,公司根据内部相关采购制度及使用内部相关管理平台等进行供应商规范管理。,2021年11月11日
上港集团,(600018),上港集团今年业绩大幅高于去年，但是股价并未反映出上港集团真实的业绩水平。近期，上港集团股价暴跌，表现明显弱于大盘。请问上港集团是否存在不为人知的潜在风险隐患？对于股价暴跌的情况，管理层是否有相应的应对措施？,公司目前生产经营活动正常，三季度归属于上市公司股东净利润约30.25亿元，同比增长39.32%。公司除已披露的信息外，不存在应披露而未披露的信息。股价波动受多种因素影响，公司持续关注二级市场股价表现，并致力于提升效益增长以支撑股价。,2021年11月15日
上港集团,(600018),上港集团股价低估，低于每股净资产，建议上港集团做一下市值管理。,截至三季度末，公司每股净资产为4.12元，公司将持续做好市值管理工作。,2021年11月11日
上港集团,(600018),上港集团三季度的以色列港口和湖州内河港开业后运营是否正常。,以色列海法港和湖州上港目前运营正常。,2021年11月10日
上港集团,(600018),上港集团近期股价断崖式下跌，对此您怎么看，是发生了什么？是下半年港口冷清了吗。,公司目前生产经营活动正常，三季度归属于上市公司股东净利润约30.25亿元，同比增长39.32%。公司除已披露的信息外，不存在应披露而未披露的信息。股价波动受多种因素影响，公司持续关注二级市场股价表现，并努力提升效益增长以作为支撑股价的重要保障。,2021年11月09日
上港集团,(600018),"以下是针对上港集团在2020年1月-3月期间的捐赠信息的问题，希望得到解答。

1. 2020年1月-3月期间，上港集团是否有针对抗击新冠疫情的对外捐赠？
2. 其中，实物捐赠和货币捐赠金额分别是多少？
3. 上港集团是否有涉及定向捐赠，具体金额是多少？
4. 相关的捐赠信息是否已对外披露？

谢谢！",公司2020年相关捐赠信息已在2020年年度报告和可持续发展报告中披露。,2021年10月27日
上港集团,(600018),请问上港集团目前对登上外轮的引航员、理货员、装卸工人等实行什么样的防疫规定？比如封闭式管理，轮休外出是否需要执行14天集中隔离+7天居家隔离？如果装卸工人短缺，近期是否有招聘计划，预计何时能缓解短缺状况？,公司严格按照上海市港口口岸疫情联防联控工作小组办公室下发的《上海港口高风险人员集中居住点疫情风险防控管理要求（试行）》的相关要求，落实一线高风险作业岗位人员的集中居住管理。目前公司港口作业一切运转正常。,2021年10月22日
上港集团,(600018),"您好，上港集团是否建立了财务共享中心，具体是哪一年建立的？谢谢！
（调整后）

上港集团是否建立了财务共享中心，具体是哪一年建立的？",公司目前尚未建立。,2021年10月08日
上港集团,(600018),请问上港集团从贵公司装箱出口进口，主要是什么货物呢？煤炭？钢铁？纺织品？机电产品？电子产品？请问上港集团有无分析统计各占多大比例。,关于货物品种的统计数据，请查询中国海关总署和上海海关在其官网公布的相关数据。,2021年09月09日
上港集团,(600018),21年半年报数据显示，上港集团净利润率为52%，毛利率为44%，这两项指标均大幅高于过去10年的水平。请问是什么原因导致的？,主要原因一是根据2017年财政部发布的《企业会计准则第14号——收入》修订通知（财会【2017】22号），公司自2020年1月1日起执行新收入准则，导致代理业务收入成本核算口径发生变化，从而使得营业收入、营业成本同比减少；二是2021年上半年公司净利润有所增长。,2021年09月01日
上港集团,(600018),"上港集团您好：请教两个问题：

1、2020年末，上港集团下属明东集装箱码头的总资产为443485.89万元，至2021年6月末，明东集装箱码头的总资产增长至721288.59万元，增加了277802.7万元；
2、2020年末，上港集团下属沪东集装箱码头的总资产为151408.1万元，而到了2021年6月末，沪东集装箱码头的总资产增至576653.04万元，增加了425244.94万元。

请问：上述资产增加的主要原因是什么？谢谢。",上述两家公司资产增加主要因为自2021年1月1日起执行新租赁准则。根据新租赁准则，公司从2021年1月1日起对所有租入资产（选择简化处理的短期租赁和低价值资产租赁除外）按照未来应付租金的最低租赁付款额现值确认使用权资产及租赁负债，并分别确认折旧及未确认融资费用，不调整可比期间信息。,2021年08月30日
上港集团,(600018),上港集团：8月18日，您表示沪东公司传统码头正按照改造计划逐步推进，但在半年报中的在建工程未反映出沪东公司的改造项目，是否已经转固？谢谢。,沪东传统码头改造为自动化改造创新性研究项目，列支研发费用。,2021年08月30日
上港集团,(600018),请问上港集团在2018年是否进行了社会捐赠？具体数额是多少？这些捐赠信息是否在上港集团的CSR报告中公开？如果并未披露，请问原因是什么？,公司自2009年起每年在上交所发布可持续发展报告。2018年相关捐赠数据可查阅当年发布可持续发展报告的绩效数据部分。,2021年08月17日
上港集团,(600018),上港集团的利润表数据是否准确，2020年年报中261减去215等于105？请予以核实并指导。,公司2020年度报表是根据财政部报表列报的要求编制，并经过会计师事务所审计后披露。,2021年08月05日
上港集团,(600018),上港集团持有寸滩港35%的股份，目前寸滩港已经拆迁被收储。按照收储及补偿方案，上港集团按照份额可以收回投资及土地补偿，估计金额达几十亿。上港集团是否正在跟踪此事进展？,公司相关下属公司正在推进相关工作。,2021年08月02日
上港集团,(600018),请问目前上港集团沪东公司传统码头改造的进展如何？预计何时能完成？改造完成后能达到或接近上港集团洋山四期的效率吗？,沪东公司传统码头正按照改造计划逐步推进中，作业效率相比传统码头将得到提升。,2021年07月30日
上港集团,(600018),请问上港集团对公司股价有何看法。上港集团前十大股东持股集中，二级市场流通性极差。建议上海同盛、城投等市属国资平台公司减持一部分上港集团股份，有利于增强二级市场流通性。,公司目前持股5%以上股东无减持计划。,2021年07月12日
上港集团,(600018),请问上港集团那么多退休人员的退休金养老金在财务报告的哪个部分体现？,公司离退休人员依据国家有关法规规定，按月领取由社会保险部门发放的基本养老金。,2021年07月12日
上港集团,(600018),上港集团大股东是否有减持意向，建议减持4%，建议其他前十大股东都减持2%。这有利于上港集团的长远发展，有利于上港集团的股价。,公司目前持股5%以上股东无减持计划。,2021年07月02日
上港集团,(600018),上港集团号称全球第一大港，业绩不差但股价长期低迷，这并非价值投资且不符合逻辑。请问上港集团是否有应披露而未披露的事项，是否存在消耗主业板块利润的业务，例如上港足球？长期低迷的股价，消耗的是投资者对公司的信任，这也是公司管理水平有待提高的体现。尽管股价受多重因素影响，但优秀的公司是否真的会被市场长期边缘化？请深入反思内部问题，而非一味归咎于外部因素。,公司不存在应披露而未披露的事项。,2021年07月02日
上港集团,(600018),上港集团官网不能登陆，已有一段时间了。,公司官网目前可登录阅览。,2021年06月24日
上港集团,(600018),上港集团何时发布半年报业绩预告？,公司半年度业绩预增公告已于7月2日进行了发布。,2021年06月30日
上港集团,(600018),上港集团每次都说小洋山北侧按照计划在推进，推进了两年了，投资者就想问问，上港集团口中的计划是怎样的？大概哪年能完工？投资者就是想知道计划的时间表，这不属于商业机密吧？,公司目前正在积极推进相关工作。,2021年06月29日
上港集团,(600018),能不能直接回复问题？让我去看2020年年报附注，我看了八百遍了，没有上港集团这个税收优惠政策，但是这个税收政策是2021年开始的，我问了两遍了，您都让我看年报，到底上港集团在2021年是否享受洋山特殊综合保税区内免增值税的政策，如果不享受，请问为什么？,公司半年度报告将于8月28日在上交所披露，关于2021年享受的税收优惠，请关注届时在半年报中披露的相关内容。,2021年06月29日
上港集团,(600018),国际海运集装箱价格持续大涨，而上港集团旗下的锦江航运集团主要经营日航及长江内的航运，请问上港集团的航运价格与海运价格上涨幅度偏差有多大？难道内河航运价格也由国家相关部委制订？,上海锦江航运（集团）有限公司成立于1983年，主营业务为国际集装箱运输、航运专业服务和航运物流业务，当前主要经营东北亚、东南亚、两岸间的集装箱班轮运输及沿海支线集装箱班轮运输。请关注上海航运交易所发布的近期运价变动情况以获取航运价格信息。,2021年06月22日
上港集团,(600018),据新闻报道，2021年4月初，长三角港口集团在上海举行了揭牌仪式，但大多数新闻媒体并未对此进行报道，该揭牌事项是否属实？据了解，长三角港口集团将实现全要素合并，包括上港集团、浙江海港和江苏港口集团在内，三方是否已就该事项进行过讨论？是否有更高一级的领导主导此次合并？,公司未获悉上述相关消息。,2021年06月22日
上港集团,(600018),上港集团在洋山特殊综合保税区内的子公司，例如盛东、尚东等，是否享有免增值税的待遇？此前新闻报道指出，对于注册在洋山特殊综合保税区内从事装卸货运的企业，可免征增值税。请问上港集团目前能否享受此项优惠政策？,关于公司享受的税收优惠政策，请关注年度报告附注披露的相关内容。,2021年06月18日
上港集团,(600018),上海南港和上港集团都是码头运营商，且地理位置接近，且同属于上海国资委旗下，请问是否构成同一实际控制人旗下的同业竞争？如上港集团认为不涉及同业竞争，请问区分点在哪里？,同业竞争是指公司所从事的业务与其控股股东或实际控制人所控制的其他企业所从事的业务相同或近似，双方构成或可能构成直接或间接的竞争关系。上海南港和本公司不存在上述关系，不构成同业竞争。,2021年06月17日
上港集团,(600018),临港新片区要发展滴水湖金融湾，上港集团是否有意向参与或间接参与其发展？计划以何种方式参与？,公司目前不涉及滴水湖金融湾项目。,2021年06月17日
上港集团,(600018),上港集团小洋山北侧项目新闻报道称预计2021年11月份完工，是否意味着12月份即可投入运营？预期何时能够实现运营？,小洋山北侧开发按照计划稳步推进，目前处于方案优化和规划报审阶段。,2021年06月17日
上港集团,(600018),以色列新海法港，上港集团一直声称2021年年内开港运营，却未明确说明具体几月份可以运营，这是打算拖延至12月份吗？,以色列海法港相关开港工作正在有序推进中，进展情况请持续关注公司相关信息。,2021年06月17日
上港集团,(600018),"尊敬的董秘，您好！我注意到新闻报道中提到上港集团改造北外滩广场，此举为市民提供了休闲游玩的新场所。在此想请问：这一改造项目是无偿进行的吗？是否属于公益性质？上港集团通过该项目获得了哪些益处？

改写后：

新闻中看到上港集团改造北外滩广场，给市民游玩带来了好去处，请问这是无偿的吗？做公益吗？上港集团获得了什么益处？",为积极响应上海市委、市政府要求，落实“人民城市人民建，人民城市为人民”的理念，公司下属国客中心自2020年10月起，积极推进码头开放工作。经过改造，码头将于2021年7月实现开放。届时，国客中心将借开放之势，加大滨水休闲商业业态的开发力度，全力构建具备水岸特色和文化内涵的“世界级滨水空间”。,2021年06月17日
上港集团,(600018),中国远洋2017年通过协议受让了上港集团百分之15的股份，买入价5.45元，持有四年，减去分红，投资成本降至4.823元。换句话说，买入四年，被套四年，不考虑其中的资金时间成本，现在价格为4.64元，请问您如何评价这笔投资？,中国远洋海运集团有限公司于2017年通过协议转让方式入股公司，持有公司15%的股份，以加强与上港集团之间的战略合作。,2021年06月16日
上港集团,(600018),都说港口是国民经济的晴雨表，上港集团作为国资公司如此市场表现，是在说明国民经济的疲软？这与我国欣欣向荣的经济发展势头背离。因此，从逻辑上看，上港集团内部因素可能是导致其市场表现欠佳的主要原因。请上港集团管理层切实利用好国资的优势，提升公司发展内涵，而非僵化地追求稳定和中庸。,公司股价在二级市场上的表现受诸多因素影响。今年一季度，公司归母净利润实现29.53亿元，同比增长77.21%。公司将继续努力提升效益，确保利润的可持续增长。,2021年06月15日
上港集团,(600018),上港集团与中国远洋是战略合作伙伴关系吗？,中国远洋海运集团有限公司在2017年通过协议转让方式入股公司，持有公司15%的股份，以强化其与上港集团之间的战略合作关系。,2021年06月10日
上港集团,(600018),上港集团从去年到今年业绩成长性如何，公司在运营上有无变化，业务板块是否有根据市场走势进行调整？,公司今年一季度营业收入完成76.85亿元，同比增长42.36%，归母净利润完成29.53亿元，同比增长77.21%。公司主营业务为港口相关业务，运营上海港公共集装箱码头和散杂货码头，并涉足港口物流、港口服务、港口商务地产及金融等多元化产业。,2021年05月31日
上港集团,(600018),请问上港集团2021年分红的除权除息日确定了吗？谢谢！,公司将于2020年年度股东大会上审议利润分配方案。关于权益分派的除权登记日、现金红利发放日等事宜，请留意后续公告。,2021年05月31日
上港集团,(600018),上港集团尽快说明是否有未披露事项。作为全球第一大港，在近年来国家经济大力向好的背景下，上港集团的盈利能力却呈现减弱趋势。如此二级市场的表现引发了质疑。请董秘详细说明公司盈利能力变弱的具体原因，是否由于主业受到上港港口体育板块的影响，并要求上港集团切实考虑投资者利益，优化业务板块。,公司不存在应披露而未披露的事项。公司聚焦港口主业，同时在多元产业发展中谋求突破，以增强竞争优势，实现企业稳步发展。今年一季度，公司营业收入为76.85亿元，同比增长42.36%，归母净利润为29.53亿元，同比增长77.21%。,2021年06月02日
上港集团,(600018),自2015年以来，大盘由低点2500多上涨到3600多点，涨幅达到1000多点，而上港集团近6年的时间，股价依然停留在2015年的低点位置，市场的极度不认可与公司龙头地位严重不符。上港集团在此期间也未采取切实措施关注自身发展，从而导致了目前大而不强的局面。这是体制僵化问题还是内部管理问题？上港集团是否有改变现状的计划，请对投资者负起应有责任。,公司股价波动受多种因素影响，其中公司的基本面是重要因素，但宏观经济状况和二级市场供求关系对股价的影响也不容忽视。今年一季度，公司实现归母净利润29.53亿元，同比增长77.21%，公司正努力提升效益，保持利润可持续增长，这是支撑股价最重要的保障。,2021年05月27日
上港集团,(600018),"尊敬的董秘，您好。看到上港集团在职员工数量只有退休员工的一半，为什么会有如此大的差距？假设每位退休员工每年需要十万退休金来养老，那么集团每年在这方面的开支岂不是至少要达到28亿？请问上港集团在这方面每年的具体开支是多少？对此感到迷惑。

精简后：

上港集团在职员工数量只有退休员工的一半，为何存在较大差距。若每位退休员工每年需十万退休金，则集团每年在退休金方面的开支是否至少为28亿？请告知上港集团每年在这方面具体开支情况，目前对此感到困惑。",公司离退休职工人数为历年离退休人员数量的总和。公司离退休人员根据国家有关法规规定，按月领取由社会保险部门发放的基本养老金。,2021年05月21日
上港集团,(600018),上港集团自2015年以来股价长期低迷，盈利能力持续下降，管理能力和水平与目前的位置严重不匹配，是否考虑更换管理层引入更先进的管理经验？切实关注公司市值，给投资者应有的回报。,公司股价波动受多种因素影响，其中公司的基本面是重要因素，同时宏观经济状况和二级市场供求关系对股价的影响也不容忽视。公司持续关注二级市场股价表现，并致力于提升效益增长。公司管理层具备相关专业知识和履职能力，能够胜任管理岗位职责要求。,2021年04月23日
上港集团,(600018),请问上港集团是否按9.9%的比例合并东方海外利润？2021年一季报东方海外有约30亿美元的利润，上港集团按比例应该有约15-20亿人民币的合并利润。为何在利润表没有体现？能否具体说明一下？,东方海外（国际）有限公司在4月公布了一季度未经审核季度运营概要，其中显示一季度收益为30.18亿美元，但未披露一季度利润情况。公司一季度报告的财务信息严格按照企业会计准则编制。,2021年04月29日
上港集团,(600018),作为港口物流龙头企业，上港集团的股价估值偏低，上港集团的股价低迷。上港集团是否有提振计划，比如回购公司股票，以获取一些长期持股股东，使上港集团的实力与龙头地位相匹配。,公司股价波动受多种因素影响，其中公司的基本面是重要因素，同时宏观经济状况和二级市场供求关系的影响也不容忽视。公司持续关注二级市场股价表现，致力于提升效益增长并保持利润可持续增长，这是支撑股价最重要的基础。目前无回购计划。,2021年05月10日
上港集团,(600018),《第三届董事会第十四次会议决议公告》中，上港集团董事会审议通过了《上港集团“十四五”发展规划（2021-2025）》，是否可以全文披露该发展规划，以方便投资人和中小股东了解？,公司已披露2020年年度报告和2020年可持续发展报告，其中包含了“十四五”发展规划的主要内容。详细信息请参阅公司在上交所网站发布的相关年度报告及可持续发展报告。,2021年04月08日
上港集团,(600018),持有上港集团这只股票很长期一段时间了，发现根据规定我都不用交红利税。请问上港集团今年是否会考虑增加现金分红？,公司已于2021年3月30日在上交所网站披露了《上港集团2020年年度利润分配方案公告》，每股派发现金红利人民币0.128元（含税）。,2021年03月30日
上港集团,(600018),上港集团，上海市已研究制定了《上海市贯彻〈国企改革三年行动方案(2020-2022年)〉的实施方案》，贵公司是否属于上海国企范畴？该方案对上港集团是否有效？,上海市国资委为公司第一大股东。《上海市贯彻〈国企改革三年行动方案（2020-2022年）〉的实施方案》于2021年1月发布，公司将认真学习并贯彻落实，以推动公司高质量发展。,2021年03月10日
上港集团,(600018),上港集团，RCEP的实现对贵公司业务有哪些积极影响呢？,2020年11月第四次区域全面经济伙伴关系协定领导人会议举行，东盟十国以及中国、日本、韩国、澳大利亚、新西兰15个国家，正式签署区域全面经济伙伴关系协定(RCEP)。这标志着全球规模最大的自由贸易协定正式达成，对于区域内贸易的进一步发展具有积极意义，同时为港口等行业提供了发展空间。,2021年03月08日
上港集团,(600018),上港集团投资上港码头足球俱乐部，对上港集团的盈利影响有多大？是否会因此造成上港集团利润下降，进而影响股价，损害小股东的利益。,公司主要从事港口相关业务，港口主业业务量的增减将直接影响公司的经营业绩。公司涉足足球事业，是发展自身、回报社会，积极履行社会责任及投身上海城市建设和体育发展的一项内容。请关注公司2020年度报告以了解利润情况。,2021年03月02日
上港集团,(600018),上港集团2020年度的审计师是谁，审计费用是多少？,公司2020年度的审计师为普华永道中天会计师事务所，具体审计费用请参见年度报告中的相关信息。,2021年02月22日
上港集团,(600018),上港集团下属海港码头足球俱乐部的两位记者，即东方体育日报的陈华和澎湃新闻的宋承良，是否为该俱乐部的御用记者？这两位记者在报道和宣传海港码头足球俱乐部之余，频繁攻击其他足球俱乐部，并在微博自媒体账号上与对方俱乐部球迷发生对骂。我们认为，通过攻击竞争对手俱乐部以贬低对方并不能使自己变得更强大。建议海港码头足球俱乐部避免聘请御用媒体记者进行攻击性报道，只需专注于自身优点的宣传即可。如此一来，也有利于弘扬体育精神，为和谐社会建设贡献力量。,公司及足球俱乐部与媒体单位非从属关系，不具有约束媒体记者言论的权限。有关足球俱乐部的信息，请关注俱乐部官方网站。,2021年02月08日
上港集团,(600018),上港集团的前董事长陈戌源目前担任了中国足协主席。而上港集团投资了上海上港足球俱乐部。在微博等自媒体上，许多球迷质疑，这样会使上海上港足球俱乐部获得额外的照顾，从而影响中超联赛的公平性。那么，上港足球俱乐部是如何避嫌的？上港俱乐部是否恪守了体育运动公平的精神呢？,足球俱乐部严格遵守中国足协颁布的赛事竞赛规程，发扬公平竞赛精神。,2021年02月08日
上港集团,(600018),上港集团在港口货物装卸中是否使用了长距离输送带代替汽车运输？长距离输送带相对于汽车运输有哪些优势，会不会扩大使用？,公司集装箱码头采用场内集卡进行场内集装箱运输。,2021年02月08日
上港集团,(600018),上港集团对于注册在洋山特殊综合保税区内的企业提供交通运输服务、装卸搬运服务和仓储服务取得的收入免征增值税，集团旗下哪些子公司和孙公司可以享受该政策？未来是否存在将其他子公司注册在洋山特殊综合保税区的计划以享受该税收政策？,关于公司享受的税收优惠政策，请关注年度报告附注披露的相关内容。,2021年02月05日
上港集团,(600018),请问上港集团长滩项目竣工后总可销售面积大约为多少？每平方米销售均价为多少？谢谢！,长滩项目占地55公顷，总建筑面积约147.16万㎡，定位为集生态绿化、现代商务、休闲居住和邮轮游艇综合配套服务为一体的生态滨江超级综合体、宝山滨江整体升级转型的龙头旗舰。具体销售价格请咨询长滩项目的售楼中心。,2021年02月05日
上港集团,(600018),上港集团在同盛物流园拥有21万平米仓储面积，然而亚马逊租赁了上港集团10万平米，当前这21万平米的仓储面积还剩多少未出租？近期是否考虑扩大仓储面积以应对洋山特殊综合保税区日益增长的需求？,公司已在洋山特殊综合保税区内建成高标准的现代化保税仓储设施，充分利用洋山港国际航线优势，能够满足国内外仓储分拨及供应链重要节点的功能需求。,2021年02月04日
上港集团,(600018),在2021年干部大会上，上港集团总裁表示要努力放大地产效应，是指地产利润要提高在上港集团内的占比？还是地产项目要实现品牌效应？请解读一下。此外，根据上港集团的计划，地产板块在2021年会有几次开盘销售？此前已预售的部分，在今年实现交付后，会有大概多大金额确认为收入？,公司开展地产项目，持续提升公司品牌效应。具体销售情况请关注公司定期报告披露的相关信息内容。,2021年02月02日
上港集团,(600018),关于2021年上海市要设立50个市内免税店和退税点的新闻，结合上海机场与中免集团签订补充协议的情况来看，未来市内免税店将极大分流机场免税业务。请问上港集团除了之前的四家免税小店，是否有计划参与申请上海的免税牌照或参与新增市内免税店的业务？,公司目前暂无申请计划，后续如有机会将积极参与。,2021年02月02日
上港集团,(600018),请问上港集团：公司是否有计划回购股份并注销以减少股本？鉴于公司目前没有大型投资项目，大量现金存于银行显得较为浪费。,公司持续关注二级市场股价表现，努力提升效益增长，目前暂无回购计划。,2020年06月29日
上港集团,(600018),关于上港集团小洋山北侧开发的问题，能否请问预计在大约202几年能够完成整个小洋山北侧的全部开发工作？这里特指的是预计完成所有成陆工程的时间。是否有望在2025年左右实现这一目标？,公司目前正在积极推进小洋山北侧开发项目，后续将按规定的建设程序有序推进相关建设工作，请持续关注公司相关信息。,2021年02月02日
上港集团,(600018),请问中美贸易协定有多少货物从上港集团进出？,关于中美贸易的统计数据，请查询中国海关总署和上海海关在其官网公布的相关数据。,2020年06月29日
上港集团,(600018),上港集团出口转内销是否会影响接下来的业绩！,关于公司业绩，请关注公司定期报告披露的相关信息。,2020年06月15日
上港集团,(600018),请问上港集团是否有出售上港足球队的打算？球队与上港集团主营业务毫无交集，且花费巨大。,公司关注城市体育事业发展，涉足足球事业。此举既是公司发展自身、回报社会，积极履行社会责任，投身上海城市建设和体育发展的一项内容，也是在国家加快发展体育产业，尤其是足球产业的背景下，进一步涉足体育产业的一次重要尝试。,2020年06月04日
上港集团,(600018),您好，上港集团对经理人是更注重学历还是工作能力呢？我注意到上港集团没有公布方怀瑾的毕业院校，未公布了金焱、陆卫国的最后学历和毕业院校，能否提供这方面更为详细的信息呢？,公司坚持以人为本，择优选择。关于公司高级管理人员的相关情况，请参阅公司年度报告披露的内容。,2020年05月26日
上港集团,(600018),请问上港集团是如何做到让其俱乐部盈利的？对比恒大俱乐部，不论人气或成绩，上港集团的俱乐部都不占优势，但恒大俱乐部却年年亏损，是否存在财务造假行为？陈戍源曾表示要壮士断腕并重建财务体系，请问上港集团是否也将重新审核其俱乐部的财务状况？按照当前中超环境以及上港集团俱乐部中那些外援的年薪来估算，该俱乐部似乎不可能实现盈利。,足球俱乐部严格遵循企业会计准则要求，真实完整反映公司财务状况、经营成果等有关信息。,2020年05月08日
上港集团,(600018),尊敬的董秘，您好！请问上港集团采用权益法核算对上海银行、邮储银行的长期股权投资时，所确认的投资收益是否作为非经常性损益处理。,上海银行、邮储银行长期股权投资确认的投资收益不作为非经常损益。,2021年02月02日
上港集团,(600018),上港集团在长期股权投资科目上列示了邮储银行和上海银行的这两笔巨额投资，然而账面余额与实际可变现金额之间存在显著差额。换言之，上港集团投资银行的账面显示价值为350亿元，但市场估值仅为230亿元，这意味着上港集团在其中浮亏了一百多亿元，即每股净资产可能存在注水情况，是否可以这样理解？,公司推进多元化经营，实现与金融业态的融合发展。投资银行有利于进一步实现产业资本与金融资本的融合，为港口、金融双方提供更广阔的共同发展和合作共赢前景。公司在上海银行、邮储银行派驻董事，并通过在两家银行财务和经营决策制定过程中的发言权实施重大影响。依据企业会计准则，公司对持有的上海银行、邮储银行股权作为对联营企业的投资，按权益法进行核算。,2021年01月26日
上港集团,(600018),上港集团讨论过如何落实上海国企三年行动方案吗？上港集团有探讨引入新的机构投资者进行二次混改吗？对于职工股权激励，上港集团有进行讨论吗？,《上海市贯彻〈国企改革三年行动方案（2020-2022年）〉的实施方案》于2021年1月发布，在当月举行的新闻通气会上，上海市国资委介绍了本市推进实施国企改革三年行动方案的有关情况。公司会认真学习并贯彻落实。,2021年01月26日
上港集团,(600018),2020年度，上港集团除了按国家相关规定，给予海运公司两项执行政府定价的港口收费优惠百分之20%以外，还对运送空箱的海运公司予以其他价格优惠。2021年，原来打八折的两项收费已经不再减免，那么对于上港集团额外给予海运公司的优惠也暂停了吧？2021年上港集团是否有意愿在2020年的基础上，适当提升港口作业包干费等类似自主定价的价格以提升公司的净利润，上港集团已经连续三年净利润同比下滑了。尽管有其客观因素存在。,公司费率主要基于国家政策、市场环境等因素进行市场化定价，并已向有关部门报备。具体费率情况可在公司官网查看。,2021年01月26日
上港集团,(600018),上港集团在上海自由贸易区临港新片区的主页上显示，作为开发主体之一，与上海临港公司共同参与临港新片区的开发。请问除了港口开发业务外，上港集团是否拥有与上海临港公司相同的开发权限？上海临港拥有房地产开发和租赁业务，在新片区中，上港集团是否也可以开展此类业务？上港集团是否有意愿参与房地产租赁业务，除出租仓库以外？,公司全资子公司同盛物流在自贸区临港新片区内设立了“同盛物流园区”，已建成仓储设施约21万平方米，堆场约8万平方米。该园区为国内外企业提供一系列服务：仓储及堆场设施租赁、海运进口分拨、集装箱拆装箱、通关申报、仓储物流、冷链物流、第三方物流、大宗商品物流、跨境电商以及专业咨询等。,2021年01月26日
上港集团,(600018),根据媒体报道，上港集团通常在一月份与各大海运公司商谈港口作业费，并在三月底前确定价格，请问媒体的报道属实吗？上港集团通常与各大海运公司洽谈并确定新一年度收费的时间是几月份？,公司与客户的合作信息属于商业机密，不属于应披露而未披露的事项。,2021年01月26日
上港集团,(600018),"关于小洋山北侧开发的问题，上港集团Ab区成陆工程官方预计2021年11月份完工，那么是否意味着完工后就可以立即使用六个二吨级的泊位开展江海联运业务？还是完工后要再等多久才能开展业务？另外，请问上港集团B、D区目前是什么状态？是围海吗？将来也是要成陆的对吗？是在Ab区完工后再填B、D区吗？

精简后：

小洋山北侧开发中，上港集团Ab区成陆工程预计2021年11月完工。完工后是否能立即启用六个二吨级泊位开展江海联运业务？若不能，还需等待多久？请问上港集团B、D区当前处于何种状态？是否正在围海？未来也会进行成陆作业吗？是计划在Ab区完工后再进行B、D区的填海吗？",公司目前正在积极推进小洋山北侧开发项目，后续将按规定的建设程序有序推进相关建设工作。,2021年01月26日
上港集团,(600018),上港集团，以色列海法港公司预计2021年开始运营，截止目前是否已经开始运营？若尚未开始，预计何时开始运营？对于如此大规模的投资，2021年是否有产生利润的预期？,以色列海法新港项目目前处于工程建设及运营筹备阶段，项目一期预计将在2021年内开港运营。关于海法新港项目的详细情况，请关注公司定期报告、可持续发展报告中披露的相关内容。,2021年01月26日
上港集团,(600018),请问：一，上港集团目前的股东户数？二，作为小股东可以通过什么渠道查阅上港集团的财务月报？三，作为小股东通过哪些途径可以了解除了每季度公布的股东人数外，每月甚至较为实时的上港集团股东名册和股东数？,公司遵循《上海证券交易所股票上市规则》的公平原则，在定期报告中披露对应时点的股东信息及财务信息。,2021年01月25日
上港集团,(600018),"上港集团，东方体育日报的陈华和上观新闻的宋承娘是否为贵集团投资的海港足球俱乐部的御用体育记者？
该两位记者在微博上频繁攻击贵足球俱乐部的竞争球队，并进行地域攻击，且在微博上与不同地域的球迷发生对骂，言语粗俗。此类行为破坏了互联网和谐氛围，也曲解了体育精神。同时，通过攻击抹黑竞争对手并不能使海港俱乐部变得更强大，也无法促进国家队出线。
期望上港集团能够约束一下御用记者媒体的部分过激行为。",上港集团及足球俱乐部与媒体单位非从属关系，不具有约束媒体记者言论的权限。有关足球俱乐部的信息，请关注俱乐部官方发布。,2021年01月19日
上港集团,(600018),近半年多，海运的集装箱运输价格显著大幅上涨，上港集团作为港口方，装修、存放集装箱等相关业务，收费价格有无上涨、能否上涨？,公司费率主要基于国家政策、市场环境等因素，进行市场化定价，并已向有关部门报备。具体费率情况请参阅公司官网。,2021年01月19日
上港集团,(600018),股价一直跌，上港集团有没有打算拿点钱增持一下自家的门面。,公司目前无回购股份计划。股价会受到宏观经济环境、行业政策、市场行情等多重因素影响。,2021年01月13日
上港集团,(600018),2020年3月1日至2020年12月31日，上港集团执行了交通运输部、发展改革委发布的《关于阶段性降低港口收费标准等事项的通知》，期间，上港集团的货物港务费、港口设施保安费两项港口经营服务性收费标准分别降低了20%。然而数据显示，在降费背景下，上港集团2020年三季度的毛利率为40.25%，相较于2019年三季度的毛利率30.65%，提高了9.6%。请问上港集团毛利率大幅攀升的主要原因是什么？,2017年7月5日，财政部发布了《关于修订印发〈企业会计准则第14号——收入〉的通知》（财会【2017】22号），规定境内上市企业自2020年1月1日起施行新准则。本公司自2020年1月1日起执行新的收入准则，毛利率变化主要源于公司执行该新准则。,2021年01月08日
上港集团,(600018),"上港集团投资与主营业务无关的足球俱乐部，没有带来实际收益，同时对上港集团的主营业务也没有明显的广告效应，也未对主营业务产生明显的推动作用。
上港集团每年投入到足球上的资金金额是多少？投资足球对每年净利润的影响程度有多大？是否会因此导致利润下降，从而影响股价？若影响股价，是否会对投资者造成不必要的损失。",涉及足球俱乐部相关信息，您可以参阅公司历年年度报告、可持续发展报告相关信息内容，或关注俱乐部官网相关信息内容。,2021年01月07日
上港集团,(600018),"中国足协在陈戌源主席的领导下，近期正在清算金元足球，认为金元足球危害严重，必须纠正以保证中国足球的有序健康发展。
中国足协特别是陈戌源主席的反省，从根本上否定了金元足球。上港集团前董事长的深刻反省以及对金元足球的反思，表明上港集团投资足球的行为是错误的。
作为自2015年以来金元足球的最大推手，上港集团应如何反省，后续将如何纠正错误？投资金元足球是否影响了上港集团的利润，是否影响了股价，是否损害了投资者利益？",公司将聚焦港口主业的做大做强，同时在多元产业发展谋求突破，以增强竞争优势并实现企业稳步发展。公司股价受宏观经济环境、行业政策、市场行情等多重因素影响。目前，公司经营状况稳定。,2021年01月06日
上港集团,(600018),"上港集团前董事长陈戌源在最近的足协工作会议上发声抨击金元足球，称搞金元足球是良心死了吗？
恒大是金元足球开山者，而上港集团是金元足球最大的推波助澜者。恒大把外援身价提高到1000万欧元，外援薪资提升到1000万美元左右。而上港集团将外援身价提升到5000万欧元以上，薪资提高到2000万欧元以上。
上港集团前董事长陈戌源的讲话，是否意味着集团拿国家的钱烧足球，把金元足球推升到巅峰是失败的错误举动？上港集团前期是否严格评估论证过？",足球俱乐部球员薪资严格按照中国足协的相关政策要求执行。,2021年01月04日
上港集团,(600018),上港集团：交通运输部、发展改革委发布的《关于阶段性降低港口收费标准等事项的通知》，2021年1月1日起会继续执行吗？,该通知已于2020年12月31日终止执行。,2020年12月31日
上港集团,(600018),上港集团一年以来，有多个投资者在提问平台针对上港集团投资上港足球俱乐部提出了质疑和疑问，或者有投资者要求公开投资上港足球俱乐部的相关财务数据。但是至今为止，上港集团针对上述问题没有做出一个答复。作为一家上市企业，难道不应该公开这种大规模投资的公告和相关事宜吗？希望上港集团能够承担起上市公司的责任，做到公开透明。,公司严格按照相关法律法规的要求履行信息披露义务。,2020年12月29日
上港集团,(600018),"上港集团2015年开始大力投入足球，投入了上海上港足球俱乐部。有媒体人士称：上港集团是2015年至今，投资最大的俱乐部。甚至有消息称，最近几年上海上港足球俱乐部投入超过80亿。该消息是否属实？

作为一个上市集团，同时作为一个国企，上港集团能否公开澄清和公布2015年至今投入到上海上港足球俱乐部的资金总量？如此大的资金投入，上港集团是否有公开过？集团是否有公告过？或者集团的财报上已经有所体现?",公司严格按照相关法律法规的要求履行信息披露义务，涉及俱乐部相关信息您可参阅历年年度报告、可持续发展报告相关信息内容，或关注俱乐部官网相关信息内容。,2020年12月28日
上港集团,(600018),上港集团2015年开始大力投入足球，投资了上海上港俱乐部。请问上港集团投资足球的逻辑是什么？作为一个港务集团，投资足球能够给集团业务带来广告效应？从2015年至今，上海上港足球俱乐部是中超投入最大、外援身价最高、外援薪资最高的俱乐部。作为近年来中超砸钱最多的俱乐部，上港俱乐部却是中超唯一盈利的俱乐部。请问上港集团能否分享一下经营盈利的经验，为中国足球贡献力量？,公司关注城市体育事业发展，于2014年完成了对上海东亚足球俱乐部的整体收购，开始涉足足球事业。此举既是公司发展自身、回报社会，积极履行社会责任，投身上海城市建设和体育发展的一项内容，也是在国家加快发展体育产业，尤其是足球产业的背景下，进一步涉足体育产业的一次重要尝试。公司全面负责俱乐部管理运营，并将着眼于长远发展，积极探索俱乐部盈利模式，致力于将俱乐部打造成运动成绩一流、形象积极向上的足球俱乐部。,2020年12月28日
上港集团,(600018),请问，上港集团的装卸费及其他服务费用在2021年是否存在提价机会？,公司费率主要基于国家政策、市场环境等因素进行市场化定价，并已向有关部门报备。具体费率情况请参见公司官网。,2020年12月09日
上港集团,(600018),在上港集团2019年的合并资产负债表中，短期借款仅有0.56亿元，但上港集团母公司层面这一项目却有58亿元，这种差异是怎么产生的呢？,母公司短期借款均为集团内部借款，在合并报表时予以合并抵消。合并报表层面的短期借款为外部借款。,2020年11月30日
上港集团,(600018),建议上港集团在股价如此低的时候，回购股份，实施股权激励计划。谢谢。,公司目前无回购股份计划。,2020年11月04日
上港集团,(600018),上港集团股价在4元附近已有很长时间，上港集团是否有回购股份后注销计划，有无管理层股权激励计划，以此为全体股东创造更大的价值。,公司目前无回购股份计划，尚未实施管理层股权激励。,2020年10月27日
上港集团,(600018),上港集团近期在外滩和军工路等地产方面的销售和结算情况怎样？,上海长滩、军工路的地产项目目前销售稳定，具体销售情况请关注公司年报披露的相关信息。,2020年10月27日
上港集团,(600018),上港集团上海总部是否有证券部接待？是否接待访问？或者提供相关电话。,公司设有投资者热线电话（021-35308688）。,2020年10月12日
上港集团,(600018),上港集团股价连跌几年，股东苦不堪言，能不能提高分红，或者回购股票？公司年赚百亿，市值相对较小。为何不将真金白银用来回购自家股票，或者投资类似五粮液、茅台等项目，甚至涉足券商领域？同样坐收地皮费，现在市值仅为上海机场的7折。确实应该重视并维护股东利益了，这一问题亟待解决。,公司股价受宏观经济环境、行业政策、市场行情等多重因素影响。目前公司经营稳定，每年坚持高比例现金分红。,2020年09月25日
上港集团,(600018),请问，目前上港集团下属的洋山特殊综合保税区内的入区货物是否免征关税？特殊综合保税区内货物交易是否免征增值税？,根据《中华人民共和国海关对洋山特殊综合保税区监管办法》（海关总署公告2019年第170号）第八条规定，除法律、法规和现行政策另有规定外，境外货物入区可享受保税或免税待遇；货物出区进入境内区外销售时，需按货物进口相关规定办理报关手续，并根据货物实际状态征税；境内区外货物入区视为出口，实行退税政策。相关详细信息，可查询海关总署和国家税务总局网站上的相关规定。,2020年09月18日
上港集团,(600018),上港集团能否及时更新官网内容？特别是《海港报》，经常不能及时更新，还有每月经营数据也都落后于其他港口公司好多天。盼请上港集团专人负责网站的维护更新。,公司会及时更新相关数据，做好网站维护工作。,2020年09月16日
上港集团,(600018),上港集团请将邮储银行H股股权重分类为可供出售金融资产，长期股权投资科目并不能准确计量股权的实际价值。派驻一名董事，能够对被投资公司施加一定影响这两个要素虽然在会计制度上可以选择长期股权投资科目，但用于隐藏资产损失、用粉饰太平的表面利润营造虚假繁荣假象时，资本市场会用脚投票。君不见两家被投资公司与上港集团的股价，市场是如何投票的吗？,公司推进多元化经营，实现与金融业态的融合发展。投资银行有利于进一步实现产业资本与金融资本的融合，为港口、金融双方提供更广阔的共同发展和合作共赢前景。公司在邮储银行派驻董事，通过在财务和经营决策制定过程中的发言权实施重大影响，根据企业会计准则，对持有的邮储银行股权作为对联营企业的投资按权益法核算。,2020年09月17日
上港集团,(600018),强烈要求上港集团计提资产减值损失，投资的两家银行股的股权账面余额和实际市场价格差额超过一百亿元，这一百多亿元是持续扩大的，从几十亿逐年增加，至2020年三季度已超过一百亿元。从财务角度来看，上港集团净资产存在虚高，请每年年末计提资产减值损失，勿做隐瞒处理。,公司推进多元化经营，实现与金融业态的融合发展。投资银行有利于进一步实现产业资本与金融资本的融合，为港口、金融双方提供更广阔的共同发展、合作共赢前景。,2020年09月17日
上港集团,(600018),上港集团2019年年报显示，对于邮储银行的长期股权投资余额为198亿元，占据了近四分之一上港集团的净资产。请问，当初是谁做的决策，投资H股，造成了巨大损失，目测仅邮储银行账面就浮亏六七十亿元，为何不选择投资A股？为何要投资没有流动性的H股？如果邮储银行股价持续下跌，上港集团今年是否需要大幅计提减值准备？这样的错误决策将由所有股东承担，上港集团内部是否存在纠错机制？,公司推进多元化经营，实现与金融业态的融合发展。投资银行有利于进一步实现产业资本与金融资本的融合，为港口和金融双方提供更广阔的发展前景及合作共赢的机会。,2020年09月16日
上港集团,(600018),年报中，上港集团2019年大量职工薪酬发放给了离退休人员，请问上港集团对于离退休人员有何具体安排计划，为何这部分薪酬不能划归社保？,公司离退休人员依据国家有关法规规定，按月领取由社会保险部门发放的基本养老金。,2020年09月09日
上港集团,(600018),上港集团严俊先生在9月份工作例会上表示，上港集团国客码头和上港集团张华浜码头功能要进行调整，请问目标具体要调整成什么样子？,关于两家码头功能调整问题目前处于研究讨论阶段。具体情况请关注公司定期报告的相关信息。,2020年09月07日
上港集团,(600018),上港集团港口一般都是九月一号就公告八月的经营数据，广州港稍微延迟，于二号发布了公告，而贵公司表示不发公告，将在官网公布。行，目前是四号下午，仍未看到相关数据。明天为周六，看来至少得等到七八号才能看到。这效率是否需要提升？,公司本着严谨的态度在官网上公布相关数据。,2020年09月04日
上港集团,(600018),上港集团每月的一号，都会以公告的形式发布上月吞吐量和集装箱量的数据，为何贵公司做不到？,公司每月月初会在官网上发布上月的集装箱吞吐量和货物吞吐量数据。,2020年09月01日
上港集团,(600018),昨晚新闻报道，上港集团又参与了民生证券的定增，虽然涉及资金仅为一亿元，但显示出上港集团并不缺乏资金，并且广泛投资。然而，为何上港集团不选择回购部分股份并注销呢？是否认为股票价格还不够低？目前的股价相比当年中远的买入价已显著降低，上港集团能否对中小股东更友好一些，在股票价格跌至一定位置时启动回购机制？阻碍回购的原因是什么？,公司股价会受到宏观经济环境、行业政策、市场行情等多重因素影响。公司目前经营稳定，无回购计划。,2020年09月01日
上港集团,(600018),在洋山特殊综合保税区中的芦潮港区域，上港集团是否建有仓库和物流公司，这一块主要是汽车仓库吗？针对南港滚装码头的吗？麻烦详解上海区位。,公司子公司同盛物流在芦潮港区域设有仓库，并提供包含汽车在内的相关仓储服务。南港码头由上海临港管理，关于该码头的详细情况，请参考上海临港公开发布的信息。,2020年08月31日
上港集团,(600018),上港集团半年报中所有者权益减少了三十几亿元，是否意味着半年报中已将分红从所有者权益中扣除？分红转变成具有应付性质的款项，从而导致当前所有者权益与上半年利润及去年年末所有者权益不一致？,公司于二季度将2019年度应付股利从“未分配利润”转入“应付股利”，并于7月全部支付。,2020年08月28日
上港集团,(600018),上港集团的半年报显示，每股净资产为3.56元，相较于一季度减少了少许。尽管二季度每股收益达到0.09元，并且分红将在三季度进行，同时投资的两家银行的公允价值变动并未出现明显下滑，但为何净资产减少？是否存在其他大额计提减值的情况？请明确告知。,公司于二季度将2019年度应付股利从“未分配利润”转入“应付股利”，并于7月全部支付。公司半年报无大额减值计提。,2020年08月28日
上港集团,(600018),在小洋山特殊综合保税区内，上港集团大约拥有多大面积的仓库？在临港新片区内，上港集团一共拥有多大面积的仓库？未来上港集团是否会在临港新片区建设大片仓库用地以应对未来的自由贸易港区？,公司下属子公司上港物流、同盛物流在外高桥和洋山区域布局了各种类型仓库，能够满足不同货种和业务形态的需要，为客户提供高效快捷的仓储堆存物流服务。公司将依据政策规定及自身业务发展需求进行仓库建设。,2020年08月25日
上港集团,(600018),上港集团表示近期官网正在改版，已经改了很久很久了，内容也不更新，是不是准备改版花个一年时间？这如何助力上港集团的速度？哪家上市公司改版个主页要这么久？,公司官网目前已改版上线。,2020年08月19日
上港集团,(600018),上港集团承担的离退休职工人数为28675名，请问上港集团承担的是何种费用？为何承担的退休人数是在职员工数量的2倍？另外，国有企业退休职工通常已经移交社区管理，请问上港集团所承担的这个费用具体是什么性质？鉴于上港集团认购了宁波港股票，为什么宁波港没有承担任何退休职工费用？而上港集团承担如此多的费用是出于何种原因？,上述离退休职工人数为历年累计的离退休人员总数，公司依据对离退休人员关心关爱的相关政策，提供相应服务。,2020年08月19日
上港集团,(600018),中远海发公告拟出售中国国际海运集装箱股份有限公司股份，A股代码000039，请问上港集团是否有意向收购该部分股权？,公司目前无计划。,2020年08月19日
上港集团,(600018),上港集团最近几个月以来回复投资者提问的高效率受到感谢。上港集团一直尊重中小投资者，令人欣慰。但同时出现了一些质疑的声音。建议上港集团再接再厉，在回答投资者问题时，如无法明示的内容，能够告知其原因，例如因监管部门对上市公司信息披露的有关规定而无法公开披露、工程竣工时间由于各种因素存在不确定性等，通过清晰解释以消除误解，避免部分投资者产生困惑并反复追问，甚至导致不满。,《上海证券交易所股票上市规则》规定，上市公司和相关信息披露义务人在其他公共媒体发布的重大信息不得先于指定媒体，不得以新闻发布或者答记者问等其他形式代替信息披露或泄漏未公开重大信息。公司与投资者的交流互动将严格遵守相关规定。,2020年08月12日
上港集团,(600018),上港集团在资源有限的情况下应立足港口主业，而非追逐市场概念热点，投身于免税店业务。申请免税牌照的过程复杂且耗费较大。本集团保持战略定力，不被纷繁复杂的市场环境动摇初心，有利于实现长期稳定发展，避免成为昙花一现、泡沫严重的企业，最终因缺乏核心竞争力而导致崩盘。部分投资者因股票亏损而在平台上发泄情绪，但也应当基于公司自身的发展战略进行考量，而非一味责骂公司以求宣泄情绪。同时，上港集团长期坚持稳定利润分配，价值投资者无需过于关注短期股价涨跌。希望大家能够理解上港集团的发展策略！,公司会继续聚焦港口主业的发展，同时在多元产业发展谋求突破，不断增强竞争优势，实现企业稳步发展。,2020年08月12日
上港集团,(600018),长三角一体化战略中提到推动长三角航运企业市场化整合，上港集团参与了宁波港定增，并与江苏港口集团合作开发通州湾。鉴于浙江省、江苏省已完成省内港口的整合，是否预示着未来将出现一个以 上港集团 为核心构建的长三角港口集团？,长三角区域是上海港的重要腹地，上海港与长三角区域的港口，尤其是长江沿线的港口保持着良好的合作关系。随着长三角一体化发展规划方案的出台，上海港将更好地贯彻长三角一体化高质量发展的国家战略，并借此机遇强化与相关港口的合作。,2020年08月12日
上港集团,(600018),上港集团的股东上海地产集团和上海城投集团计划出让不超过绿地控股总股本17.5%的股份，当前正在征集投资者。绿地控股主营业务为房地产开发及绿地全球贸易港，并已申请免税牌照。鉴于上海城投同时也是上港集团的股东，上港集团是否有意受让绿地控股的部分股权？请讨论是否具有参与意向。,公司目前无此计划。,2020年08月12日
上港集团,(600018),上港集团董秘三四天前表示，小洋山北侧开发的方案仍在报批过程中。然而，根据浙江省交通运输厅的公告，小洋山港口公共设施及资源综合利用区陆域形成工程设计采购施工总承包的中标方为中交第三航务工程勘察设计院有限公司，中标金额为11.7亿元。请问上港集团，我之前询问的小洋山北侧预计分几期开发、预计多少年完成开发的问题难以回答吗？既然已经中标，为何还称方案在报批阶段？,小洋山北侧开发正按照工程计划稳步推进中，后续进展情况请关注公司公开披露的信息。,2020年08月12日
上港集团,(600018),上港集团下属子公司是上海国客中心游轮港的运营主体，吴淞口游轮港的运营主体并非上港集团且与上港集团无关。吴淞口游轮港的运营主体是宝山区国资委。,上海港国客中心码头的运营主体是公司子公司上海港国际客运中心开发有限公司。关于吴淞口国际邮轮港，请关注其官方网站对外披露的相关信息。,2020年08月10日
上港集团,(600018),接上一个问题，如果没有提交申请，为什么？是上港集团不想做大免税业务？可是上港集团董秘说未来依托游轮港加强业务。如果是中免集团不予配合，那么上港集团可以自己申请牌照，为什么不单独申请牌照？同时，市领导支持吴淞口扩店，而上港集团又不申请扩张面积，理由何在？请上港集团董秘详谈。我们中小投资者不清楚在免税业务这一块，上港集团高管是怎么想的。这么点业务量，四家店一年合计销售额一亿元出头，净利润有百万？做了意义何在？不做大就是耍流氓，要么不做。,公司聚焦港口主业的做大做强，同时在多元产业发展谋求突破，以增强竞争优势，实现企业稳步发展。,2020年08月10日
上港集团,(600018),七年之前，上港集团优于上海机场，上海机场凭借间接免税业务显著提升利润，从而推动股价飙升。我不理解的是，上港集团高管明显知晓免税业务在未来可能带来的巨大收益，但仍未考虑扩大上海港中免免税品有限公司的规模。2019年，全国首个入境免税店深免落户吴淞口时，上海市领导表态支持上海港中免免税品有限公司在吴淞口免税店将营业面积从500多平米扩展至1100平米。近期，董秘表示并未进行营业面积扩张，那么是否有提交相关申请？,关于免税店相关事宜目前无其他更新信息。,2020年08月10日
上港集团,(600018),请问上港集团港区存储的危险易爆化学品，是否得到了专业的保存和维护。,公司始终把安全生产作为发展和经营的重要事项来抓，不断完善安全管理体系和规章制度。公司专门制定了危险货物集装箱安全管理操作手册，并严格执行相关规定。,2020年08月06日
上港集团,(600018),黎巴嫩贝鲁特港口发生重大爆炸事故，损失惨重。据悉应急管理部将以港口为重点进行专项检查和整治。请问上港集团日常对安监方面是否重视，如何确保安全生产，同时上港集团港区危化品的储存是否规范，能不能做到杜绝安全隐患。,公司始终把安全生产作为发展和经营的重要事项来抓，不断完善安全管理体系和规章制度。在具体工作中，公司严格按照制度执行，落实作业中每一个环节的安全措施，相关信息可参见公司于2020年4月10日在上交所网站披露的可持续发展报告第五章节内容。,2020年08月06日
上港集团,(600018),关于小洋山北侧开发的问题，上港集团预计何时开始开发建设？是否需要分几期来开发？如果决定分几期开发，那么一期预计何时完工？预计几年内上港集团能完成小洋山北侧的全部开发？对于这个问题，上港集团应已具备开发预计方案，请予以解答。,公司正在进行规划方案的报审工作，后续将按照规定的建设程序有序推进各项工作，进展情况请投资者及时关注公司公开披露的信息。,2020年08月05日
上港集团,(600018),上港集团面对夏秋季节汛期的台风、暴雨、洪涝等气象灾害，有采取哪些举措维持港口相关业务的正常运行？,公司及下属生产单位会根据具体防台防汛工作要求，认真落实防台防汛责任和各项防范措施，如对码头机械、设备的绑扎、加固等措施。,2020年08月04日
上港集团,(600018),目前离进博会开幕还有不到100天时间，相信进博会临近时会有不少集装箱与货物进入上港集团，上港集团对即将到来的进博货运高潮是否有充分的准备？如何在繁忙的过程中确保效率？,尊敬的投资者，您好。公司认真贯彻落实习近平总书记关于进博会“不仅要年年办下去，而且要办出水平、办出成效、越办越好”的重要指示精神，全力做好港口服务保障，认真做好进博物资的装卸工作。感谢您对公司的关注。,2020年08月04日
上港集团,(600018),上港集团，年初由于疫情原因暂停运营的吴淞国际邮轮港和上海港国际客运中心是否已经复业？何时能够恢复本市的邮轮进出港？,目前邮轮未复航，后续复航情况需视疫情防控情况及相关部门通知。,2020年08月04日
上港集团,(600018),国家发改委8月4日发布清理规范海运口岸收费行动方案，该方案实质上要求港口经营企业（如上港集团）让利给进出口企业，对上港集团的营业收入预计会有所影响。特别是关于陆上无水港规范化收费标准的相关表述，似乎直指上港集团，请解读一下，新的行动方案会给上港集团的收费标准带来多大程度的不利影响？上港集团是否有将降低的收费转移出去的应对措施？,国家发展改革委、交通运输部、海关总署、市场监管总局等七部门近日联合印发了《清理规范海运口岸收费行动方案》，目标到2022年建立科学规范透明的收费机制，提升口岸服务效能，明显改善营商环境，有效降低进出口合规成本。公司会深入学习并贯彻执行该文件精神。,2020年08月05日
上港集团,(600018),上港集团的两个房地产项目，一个是军工路项目，一个是长滩项目，今年是否会将预收房款结转为销售收入？能否贡献一定的利润？,关于房地产项目，请关注公司定期报告披露的相关信息。,2020年08月06日
上港集团,(600018),关于上期所的实物交割仓库，上港集团参与了哪些品种的大宗商品实物交割仓库？,公司下属公司主要开展燃料油、天然橡胶、铜、铝等商品的指定交割仓库业务。,2020年08月06日
上港集团,(600018),上港集团获得经营权的以色列海法新港离黎巴嫩不远，请问目前该港的建设工作是否一切正常？,以色列海法新港建设正在稳步推进中。,2020年08月06日
上港集团,(600018),建议上港集团9月再办一次投资者网上集体接待活动，方便投资者对上港集团的情况进行了解。去年上港集团举办了两次投资者集体接待活动，一次是6月在全景网路演平台举办的，一次是9月在上证e互动平台举办的。今年6月全景网的活动已参加，并与董秘丁向明先生进行了充分交流。鉴于8月底正值上港集团半年报公布的时间，届时必然还会有很多问题需要与公司沟通。因此建议上港集团延续先例，于9月再次举办一次投资者接待活动。,公司往年会在上下半年各举行一次网上集体接待日活动，下半年活动的具体时间请您及时关注公司公告。,2020年08月05日
上港集团,(600018),上港集团在上海自由贸易区临港新片区范围内，所涉及到的行业中，除了港口码头物流仓储以外，还涉及到哪些行业？未来是否有计划在临港新片区内新增介入哪些行业？以拥抱未来的临港自贸港区。,公司在新片区主要业务涉及主业相关的物流仓储、运输等。,2020年08月05日
上港集团,(600018),我非常喜欢上港集团主页上的《海港报》，但最近其更新速度较为滞后，能否提升更新频率？目前，主页仅能查阅到7月17日的报纸。,公司目前正在进行官网的升级和维护，后续会及时进行信息更新。,2020年08月05日
上港集团,(600018),请问上港集团是否有市值管理计划，比如回购股票等稳定股价措施？,公司持续关注二级市场股价表现，努力提升效益增长，目前暂无回购计划。,2020年08月05日
上港集团,(600018),上港集团旗下上海上港集团足球俱乐部在新赛季中国足球协会超级联赛的比赛中取得了非常优异的成绩，对此表示祝贺，并且这得益于上港集团的悉心运营与球队全体成员的努力。本赛季中超为空场作赛，球迷无法入场观赛，上港集团足球俱乐部的票务收入会受到多大影响？广告和赞助收入以及足球衍生品收入是否保持稳定？俱乐部是否有拓宽线上销售渠道？上港集团如何确保今年足球业务还能稳定盈利？,相关情况请关注俱乐部公开披露的信息。,2020年08月04日
上港集团,(600018),"上港集团增持计划何时实施，是否存在忽悠情况？
上港集团为何不利用当前市场环境尽快脱离一元区，以摆脱退市风险？",公司2020年8月4日股票收盘价格为4.71元/股。,2020年08月04日
上港集团,(600018),上港集团的集装箱装卸等收费标准，都是上港集团自行制定的吧？所谓的港口管理人就是上港集团自己。理论上，上港集团可以自行提高收费标准而不需国家相关部门批准是吗？关于上港集团是否存在自主定价权的问题，请予以确认。,公司港口作业包干费由公司根据市场供求、竞争状况、生产经营成本及服务内容自主制定收费标准，并向有关部门报备。,2020年07月31日
上港集团,(600018),请问上港集团，关于小洋山北侧的规划问题，预计小洋山北侧全部完成开发大概需要几年时间？小洋山北侧开发的主要目的是用来堆放集装箱用于水水中转吗？北侧开发还有其他什么用途？,公司当前正在开展规划方案的报审工作，后续将按照规定的建设程序逐步推进项目核准、工程设计等前期任务，在完成这些前期准备工作后将达到开工条件。小洋山北作业区是洋山深水港区的关键组成部分之一，对小洋山作业区干线集装箱码头起到重要补充作用。,2020年07月31日
上港集团,(600018),新闻报道中，上港集团与中免集团在武汉设立市内大型免税店，营业面积约8000平米。据了解，上港集团曾与武汉港发集团合资成立过武汉港务集团，上港集团持有49%的股份。请问上港集团是否有计划与中免集团深化合作，在上海设立新的市内大型免税店，或参股中免集团在上海已有的市内免税店？本问题不涉及其他参股的小型免税店，仅关注未来发展规划，请明确答复。,上海港中免免税品有限公司计划将继续依托免税发展机遇，持续优化免税店各项经营。,2020年07月31日
上港集团,(600018),目前上港集团中免免税品有限公司只经营出境免税品，是否考虑申请增加入境免税品的营业范围？,上海港中免免税品有限公司目前经营出境免税品。,2020年08月03日
上港集团,(600018),关于上港集团下属上海港中免免税店有限公司旗下四家免税店的问题，这四家免税店的经营面积大致处于何种规模，其营业面积区间是多少？,上海吴淞口国际邮轮港免税店面积约500平方米，上海港国际客运中心免税店面积约200平方米，铁路上海站口岸免税店面积约40平方米，上海港口岸供船免税店主要开展口岸供船免税业务。,2020年07月31日
上港集团,(600018),据悉，上港集团下属的上海港中免免税品有限公司申请扩大在吴淞口码头的出境免税店面积，从五百多平米扩大到约1100平米，至今已过去大半年时间，想了解是否已经获得相关批示？该事项目前是否有新的进展？,上海吴淞口国际邮轮港免税店面积约500平方米，目前无其他信息。,2020年08月03日
上港集团,(600018),上港集团前几日发布公告，减少上海期货交易所天然橡胶在上港集团的库存量，请解读一下，为何作出减少决定？是否有其他考量因素？,公司物流相关业务会根据业务具体开展情况进行调整和变化，积极谋求发展，争取资源效益最优化。,2020年08月03日
上港集团,(600018),上港集团无人码头运营多年，各项目也逐步收尾。为何上港集团的管理费用比例在同行中偏高且没有下降的迹象，按理规模扩大的人工成本应该减少，成本绩效应有所展现，例如外包费用等成本却在增加。如此，那上港集团的规模效应和无人码头的意义体现在何处？请指教。,公司将持续做好成本管控工作。,2020年07月30日
上港集团,(600018),上海国资委在下半年工作计划中提到今年是上海国企改革的全面落实年，请问上港集团在国企改革方面有什么新举措，上港集团旗下上海海勃物流软件公司有拆分上市的可能吗？,公司坚定不移深化改革，涉及深化体制机制改革、加快平台建设、强化业务创新能力及持续推进多元化发展等方面，以提升创新转型能力。公司将根据相关政策要求和公司发展战略需要推进资本运作事宜，并将按规定及时披露信息。,2020年07月27日
上港集团,(600018),我想请问上港集团目前海铁联运业务的布局情况。另外，传闻沪通铁路二期将设外高桥站，火车可以直接通入外高桥港区，该消息是否真实？同时，传闻规划中的东海二桥会建造一座兼有公路与铁路的一体化大桥，这样集装箱和货物就可以通过铁路运输到洋山港，这又是否属实？进展如何？谢谢！,具体铁路规划请关注铁路部门对外公告。,2020年07月06日
上港集团,(600018),上港集团与宁波舟山港的主营业务方面来看，舟山港以大宗商品为主，上港集团以消费品及各种精细化的材料等为主，是这样吗？这才导致了舟山港吞吐量非常大，但集装箱量远少于上海港，请谈一下。,公司主业生产领域以集装箱业务为主，近年来公司对散杂货货源结构进行调整，散杂货吞吐量有所减少。宁波舟山港具体信息请关注宁波港相关披露信息。,2020年07月24日
上港集团,(600018),上港集团高价参与定增宁波港，却不选择回购提振自家股票；宁可在二级市场最高位买入上海银行被套，也不回购上港集团的股份；更愿意在高价二级市场买入邮储银行A股，也不回购上港集团自身的股份。仅让董监高拿出极少一部分奖金购买自家股份。尽管可能存在对外的战略性目的尚不得而知，但这一系列操作对信任并投资于上港集团股票的中小投资者确实不友好。目前，上港集团股价已处于近几年的最低区域，董秘您认为股价还不够低吗？,公司股价波动受多种因素影响，其中公司的基本面是重要因素，同时宏观经济状况和二级市场供求关系的影响也不容忽视。公司持续关注二级市场股价表现，致力于提升效益增长，这是支撑股价的重要保障。,2020年07月22日
上港集团,(600018),上港集团投资的上海银行和邮储银行，虽然带来了短期现金流和财报的好看，但是资本市场用脚投票，银行普遍低于净资产，暗含了对于银行坏账被掩盖的担心，未来，是否可以考虑逐步退出银行业的股权？做大做强主业。,公司近年来先后投资了上海银行和邮储银行两家金融企业，这符合公司多元化发展的战略目标。通过这些投资，公司可获得稳健的回报，并有利于进一步实现产业资本与金融资本的融合，以充分发挥协同发展作用。,2020年06月19日
上港集团,(600018),北外滩将打造“世界会客厅”，而上港集团总部办公地正位于北外滩东大名路，请问北外滩的进一步开发建设是否会形成优势资源的集聚效应，上港集团能否借此契机深化与北外滩新入驻的金融、航运等企业的合作。,7月8日，上海市人民政府发布关于同意《北外滩地区控制性详细规划》的批复，规划目标是将北外滩地区打造为与外滩、陆家嘴错位联动、居职相融、孵化创新思维的新时代顶级中央活动区，建设成汇聚现代化国际大都市核心发展要素的世界级会客厅以及全球超大城市精细化管理的典型示范区。公司将会持续关注相关信息和发展机遇。,2020年06月23日
上港集团,(600018),今年要如期签署RCEP（区域全面经济伙伴关系），这个承诺不会落空，我们也在积极推进中日韩FTA（自由贸易协定）的建设。请问上港集团会参与RCEP和中日韩自贸区吗，上港集团是否是中日韩自贸区的备选港口？,中日韩自贸区的构建，将增强整个东亚地区的经济竞争力，也会给周边港口企业带来新的发展机遇。,2020年06月23日
上港集团,(600018),上港集团一直致力于港口运输的自动化，请问在具体实践中是否有运用5G、区块链之类的技术，以提升效率，简化流程。,公司着力推进智慧港口建设，涉及人工智能、5G、区块链、大数据分析和新能源利用等前沿科技发展态势的科技创新发展规划，以推动公司科技工作达到新高度。全面实施《基于大数据驱动的超大型集装箱码头智能化作业管控技术》等国家重点研发计划。围绕洋山港区集疏运优化，强化洋山港区能力建设，使其成为上海港高质量发展的领头羊。深化码头自动化技术研究，持续优化系统流程和提升作业效率，确保自动化码头各项效率指标保持全球行业领先地位。持续推进“洋山港智能重卡示范运营项目”的研究应用，率先实现在5G环境下港区无人驾驶智能化作业。,2020年06月24日
上港集团,(600018),上港集团刚刚开通了“内陆无水港”项目的试运行，请介绍这个项目的具体内容，并且请问该项目是否会如某些媒体报道以及证券研报中所说，起到提高洋山港集装箱吞吐量的作用。如果能，请问是如何实现的，谢谢。,“内陆无水港”是一个广泛概念，主要体现在具备货物集疏运及多式联运等功能，对改善营商环境、节约客户成本及提升港口货物集聚能力等方面具有积极意义。目前，“上海临港场站集并试点项目”于2020年7月1日正式启动，通过引导集卡将部分航线出口集装箱先集并至芦潮港中心站堆场，再由上海港集中预约二次送港，安排合理时间送港，以此提升洋山港区整体运作效率及集卡周转效率，并削峰填谷，以最经济、有效的方式提高东海大桥的通行能力，从而对提高洋山港的集装箱吞吐量起到积极作用。,2020年07月06日
上港集团,(600018),临港那边近几年新开发的“上海南港”是临港集团旗下的，媒体报道众多，并称其每年能承载新片区内大量货物的吞吐量。请问这个“上海南港”是否会为上港集团带来竞争压力？有新闻报道指出，部分货轮由于洋山港拥堵，选择靠泊至“上海南港”。建议上港集团能够深入思考此问题，采取有效措施提升旗下港口的吸引力，避免业务流失。,公司会依据总体发展战略，稳步推动主业发展。,2020年07月06日
上港集团,(600018),请问上港集团是否有布局类似于“绿地全球商品贸易港”这样的进口商品直销超市？我查询到虹口区有一个“上港全超”，请问该超市是否属于此类性质？此外，上港集团在自贸区内是否有其他进口商品超市的布局？建议上港集团抓住市场契机，加大这方面的业务布局，以扩大竞争力。,目前公司下属子公司上海港国际客运中心开发有限公司下属有上港全超，超市商品以进口商品为主。,2020年07月07日
上港集团,(600018),上港集团是否有单独申请免税品牌照？上港集团与中免合作的上海港中免免税店已开设四家小型免税店，是否考虑过新开大面积的免税店？据新闻报道，吴淞口1700平米针对游轮入境的免税品店已经开业，百联集团在临港建设三万平米比肩三亚的免税店，上港集团现有的四个小店仅提供出境免税品，未涉及入境免税品业务，是否应积极争取相关业务发展？,上海港中免免税品有限公司成立于2012年，具备免税品经营资质。未来，该公司将继续把握邮轮发展机遇，不断优化免税店各项经营业务。,2020年07月14日
上港集团,(600018),上港集团参股公司上海港中免免税品有限公司是否有考虑申请入境免税业务？是否有扩大经营范围和经营门店面积的计划？2019年将上海港中免免税品有限公司从虹口区迁入宝山区，是基于何种考虑？吴淞口游轮免税品已有一家由深免通过招标拿下的1700平米入境免税品店，参股公司是否参与过竞标？此外，上港集团是否有考虑单独申请免税品经营牌照？请董秘针对以上问题作出回复。,上海港中免免税品有限公司成立于2012年，具备免税品经营资质。公司旗下运营有上海港国际客运中心免税店、上海吴淞口国际邮轮港免税店、铁路上海站口岸免税店以及上海港口岸供船免税店，主营业务为向出境人员提供免税品销售服务。未来，该公司将持续把握邮轮发展机遇，不断优化免税店各项经营业务。,2020年07月17日
上港集团,(600018),上港集团的两笔银行股权的投资，导致上港集团股票价格打了折扣。这两家银行均为破净资产的银行，其净资产收益率在整个已上市银行股中处于中下游水平，因此市场给予的净资产打折较为严重。上港集团近两年还高价增持了上海银行，这一举动引来许多投资者的消极反应，他们质疑为何不投资一些大型保险公司股权或收购优质集装箱码头资产。银行的坏账风险颇大，请谈谈对于这二百多亿元重大投资的看法。如此大规模的投资除了扣非利好看之外，还有哪些考虑和预期收益？,公司积极推进多元化经营，致力于实现与金融业态的融合发展。已先后投资上海银行和邮储银行，这有利于公司进一步实现产业资本与金融资本的融合，为港口、金融双方带来更广阔的发展前景及合作共赢的机会。,2020年07月17日
上港集团,(600018),上港集团在小洋山北侧的开发，只能是增加集装箱装卸量，陆上通道不足，水水中转已喊了好多年，目前转化率仍维持在大约百分之五十左右。规划中的东海二桥为公铁两用桥，其建设需等待大洋山开发完成，而大洋山开发又依赖于小洋山北侧的发展，当北侧吞吐量提升后，若无法有效疏解，将会形成一个死局。实现水水中转长期达到百分之70转化率颇具挑战性，仅单月达到这一目标并无实际意义。请问上港集团将如何破解当前困局？,“上海临港场站集并试点项目”于2020年7月1日正式启动，该项目通过引导集卡将部分航线出口集装箱先集并至芦潮港中心站堆场，之后由上海港统一预约二次送港，以合理时间安排送港，旨在提升洋山港区的整体运作效率及集卡周转效率，并实现削峰填谷，均衡东海大桥的通过能力。,2020年07月20日
上港集团,(600018),以色列海法港预计今年年内可以完成建设吗？明年可以贡献业绩吗？另外，上港集团全资子公司国客开发公司沉积了很多净资产，但整个2019年却没实现显著利润，与上港集团与中国中免的合作中，四家小店并未带来较大收益。是否有计划联手中国中免开设大型出、入境免税店？临港新片区在未来五年内大概率成为自贸港，上港集团务必争取拿下免税牌照或联合中免在临港开设免税旗舰店，避免让中小投资者失望。,公司于2015年成功中标以色列海法新港自2021年起25年的码头经营权，该港口目前在建设中，请关注公司相关公告。,2020年07月20日
上港集团,(600018),上港集团一会儿助力上海国际航运中心进入国际第三，一会儿助力临港自贸区，咋不助力信任并一路支持上港集团的中小投资者？大股东只要分红就行了，所以没有动力做市值管理，是这样吗？,公司股价波动受多种因素影响，其中公司的基本面是重要因素，同时宏观经济状况和二级市场供求关系对股价的影响也不容忽视。公司持续关注二级市场股价表现，并致力于提升效益增长，这是支撑股价的重要保障。,2020年07月22日
上港集团,(600018),中国沿海港口大多已经复苏，上港集团附近的宁波港和青岛港吞吐量和集装箱量都已经实现了同比上升，而上港集团却是同比下降，上半年仅有2006万箱的量。什么原因导致了这种状况？是否存在改进措施以及如何实施？不必提及超过周围港口，至少应当与周边港口保持相近的同比增幅，否则号称世界第一的箱量有何实际意义？仅依赖原有基础维持国际第一的位置并非长久之计。无需强调其他港口基数较低，上港集团的地理位置是众多港口所向往的。,2020年新冠肺炎疫情的突如其来，对全球经济造成冲击，外贸进出口承受压力。公司全力投入疫情防控工作，按照抓紧抓实抓细的要求，积极推进复工复产，最大限度降低疫情对港口生产的影响，以实际行动保障港口运输通道的畅通和高效运行。通过全体员工共同努力，各项工作平稳有序推进。,2020年07月22日
上港集团,(600018),国企改革不只是简单的混改，而是从整个意识形态上去改革，上港集团不应有选择性的回复中小投资者的问题，如果因为忙或者有些问题需要向相关部门询问，那可以等，耐心的等，但并不意味着要等待三个月半年以上。我认为国企改革首先应当从意识层面进行改革，既然上港集团选择了成为上市公司，那就应该公开透明地回复投资者合理的问题，或者以公告形式发布。改革不应仅仅停留在口号阶段，您认为呢？,公司会持续做好对投资者问题的回复工作。,2020年07月22日
上港集团,(600018),请问上港集团集装箱装卸的收费标准是自主定价还是国家定价？又或者是国家出一个限价，在限价以内上港集团自主决策？目前上港集团单位集装箱装卸分别是多少？国家限价是多少？,公司港口收费由港口经营人根据市场供求和竞争状况、生产经营成本和服务内容自主制定收费标准。涉及集装箱装卸的费用会根据作业流程、箱型等情况不同，设置不同的收费标准。收费标准明细可在公司官网《上港集团服务收费目录清单（201912版）》中查阅。,2020年07月24日
上港集团,(600018),请问上港集团，贵公司互动上的合理问题，为什么都是选择性回复？,公司会持续做好对投资者问题的回复工作。,2020年07月21日
上港集团,(600018),请问上港集团，为什么不回复我的问题，是没有勇气面对吗？我每天都来问问，为啥不回复我的问题。,公司会持续做好对投资者问题的回复工作。,2020年07月23日
上港集团,(600018),上港集团证券部到现在都没人回复我的若干问题吗？,公司会持续做好对投资者问题的回复工作。,2020年07月27日
上港集团,(600018),我不知道上港集团证券部门的人为什么这么瞧不起我们中小投资者，一副爱理不理的样子，我提了二十几个问题了吧？上港集团回复了一两个，对其他投资者也是一样，回复问题全看心情？不高兴就不回复？,公司会持续做好对投资者问题的回复工作。,2020年07月28日
上港集团,(600018),为什么上港集团最近没什么资讯？,公司信息请及时关注公司在指定媒体上披露的公告。,2020年07月15日
上港集团,(600018),上港集团官网已经长时间无法打开，作为该上市公司，是否应请相关部门做好网站的维护工作？,公司目前正在进行官网的升级和维护。,2020年07月20日
上港集团,(600018),"上港集团对两笔银行股的投资是如何定位的？
对于上海银行，上港集团是否会谋求第一大股东或控制权？
对于邮储银行，上港集团是否只作为一个财务投资者？在合适的时候会考虑逐步卖出，是这样吗？",公司近年来先后投资了上海银行和邮储银行两家金融企业，此举符合公司多元化发展的战略目标。通过这些投资，公司能够获得稳健的回报，并有利于进一步实现产业资本与金融资本的融合，以充分发挥协同发展作用。,2020年07月20日
上港集团,(600018),上港集团关于合营企业上海港中免免税品有限公司，是否有意愿与中免集团携手做大做强？计划增加营业面积吗？是否打算新开较大的店？抑或维持现有的规模，依靠300万的注册资金进行运营？,上海港中免免税品有限公司的股东方为中免集团（海南）运营总部有限公司和上港集团下属子公司上海港国际客运中心开发有限公司。未来，该公司将把握上海邮轮母港的发展机遇，持续发挥股东双方战略合作优势，不断优化免税店各项经营。,2020年07月28日
上港集团,(600018),请问上港集团什么时候分红？,2020年7月23日，公司披露了2019年年度权益分派实施公告，现金红利发放日定为2020年7月31日，详细信息请见公司发布的相关公告。,2020年07月21日
上港集团,(600018),股东大会结束快2月了，上港集团上次表示股东大会结束2个月内进行分红，现在上港集团还进行分红吗？,公司于2020年7月23日披露了2019年年度权益分派实施公告，现金红利发放日为2020年7月31日，详细信息请见公司发布的相关公告。,2020年07月21日
上港集团,(600018),如果未来两三年，来上海洋山港的大型国际货轮不断增加，集装箱量比现在增加百分之三十或五十，上港集团有何办法解决目前洋山港装卸能力超负荷的问题，以及东海大桥拥堵导致货运不出去的问题？满负荷运转是支持不了长久的，除了依靠开发小洋山北侧及前段时间新增的陆上无水港堆场外，上港集团还有哪些潜在的举措？敬请告知。,2020年7月1日，“上海临港场站集并试点项目”正式启动。该项目通过引导集卡将部分航线出口集装箱先集并至芦潮港中心站堆场，再由上海港集中预约二次送港，实现合理时间安排送港，从而提升洋山港区整体运作效率及集卡周转效率，达到削峰填谷、均衡东海大桥通过能力的目标。此外，持续提高水水中转比例将进一步缓解大桥通行压力。另外，自动化码头装卸能力的不断提升和小洋山北侧集装箱码头的建设，也为洋山港区未来集装箱吞吐量的增长提供了发展空间。,2020年07月17日
上港集团,(600018),请问，上港中免公司是否为上港集团与中国中免的合资公司？上港集团的进口超市当前已开业的数量有几家？目前上港集团是否正在申请免税牌照？,上海港中免免税品有限公司的股东为中免集团（海南）运营总部有限公司和上港集团下属子公司上海港国际客运中心开发有限公司，该公司具备免税品经营资质，但目前还未申请免税牌照。国客中心旗下拥有上港全超。,2020年07月06日
上港集团,(600018),上港集团到底有没有免税店业务？？？上港集团跟中免到底成立合资公司了吗？,上海港中免免税品有限公司成立于2012年，其股东方分别为中免集团（海南）运营总部有限公司和上港集团下属子公司上海港国际客运中心开发有限公司。,2020年07月16日
上港集团,(600018),上港集团与中国中免是否成立了合资公司？,上海港中免免税品有限公司成立于2012年，其股东方分别为中免集团（海南）运营总部有限公司和上港集团下属子公司上海港国际客运中心开发有限公司。,2020年07月14日
上港集团,(600018),上港集团下属公司与中国中免合作成立了免税店，请问这是近期的事吗？有什么新进展吗？,上海港中免免税品有限公司成立于2012年，其股东方分别为中免集团（海南）运营总部有限公司和上港集团下属子公司上海港国际客运中心开发有限公司。,2020年07月14日
上港集团,(600018),经查询上港集团2019年年报，上港集团的联营公司上海港中免免税品有限公司，主营为免税店业务。请介绍一下上港集团在免税店业务的布局、经营情况和未来的规划。,上海港中免免税品有限公司成立于2012年，股东方为中免集团（海南）运营总部有限公司和上港集团下属子公司上海港国际客运中心开发有限公司。该公司经营着上海港国际客运中心免税店、上海吴淞口国际邮轮港免税店等，主营业务是向出境人员销售免税品。自成立以来，该公司充分利用邮轮产业的快速发展机遇，持续优化商品结构、加大营销力度，实现了企业的长远发展。未来，该公司将继续借力邮轮发展机遇，不断优化免税店各项经营业务。,2020年07月13日
上港集团,(600018),上港集团600018旗下的上港集团国际客运中心开发有限公司投资设立了上港集团中免免税品有限公司，请问属实吗？,上海港中免免税品有限公司成立于2012年，其股东方分别为中免集团（海南）运营总部有限公司和上海港国际客运中心开发有限公司。,2020年07月13日
上港集团,(600018),上港集团发行高额美元债券以融资，得到的资金是用来干什么的，谢谢！,公司分别于2020年7月8日、14日发布了《上港集团关于全资子公司发行境外美元债券完成定价并签署认购协议的公告》、《上港集团关于全资子公司发行境外美元债券完成的公告》。根据公告内容，本次境外发债将全部用于现有债务再融资和企业一般用途。,2020年07月09日
上港集团,(600018),请问上港集团二季度港口贸易、吞吐货量较去年同比情况如何？上港集团对未来发展是否有信心？上港集团未来业绩增长点在哪里？,公司将于2020年8月28日披露半年度报告，具体情况将在公司半年度报告中进行披露，请持续关注公司公告。,2020年07月07日
上港集团,(600018),上港集团2014年度的员工持股计划不久前已经终止。请问上港集团是否会继续大力推进混合所有制改革，推出新一轮的员工持股计划？,公司按照中国证监会《关于上市公司实施员工持股计划试点的指导意见》等有关法律法规精神，实施了2014年度员工持股计划，积极推进并深化混合所有制发展。2020年5月30日，公司发布了《关于2014年度员工持股计划股票出售完毕暨终止的公告》。目前公司没有推出新一轮员工持股计划，请关注公司公告。,2020年06月23日
上港集团,(600018),上港集团小洋山港被定位为自由贸易港，与海南自贸区的政策相比有无差异，能否给出一个简单的对比分析？,十九报告提出，推动形成全面开放新格局。赋予自由贸易试验区更大改革自主权，探索建设自由贸易港。2017年3月国务院印发《全面深化中国(上海)自由贸易试验区改革开放方案》，在上海的洋山保税港区和上海浦东机场综合保税区等海关特殊监管区域内，设立自由贸易港区。对标国际最高水平，实施更高标准的“一线放开”、“二线安全高效管住”贸易监管制度。,2020年06月22日
上港集团,(600018),《长江三角洲区域一体化发展规划纲要》由中共中央 国务院印发，其中提出要提升上港集团的上海航运高端服务功能。请问上港集团在这方面开展了哪些工作？,随着国家长三角区域一体化发展战略的大力实施，经济腹地的优势产业将持续稳定发展，这将对本公司港口主业及物流等相关业务形成巨大推动作用，并为公司加快推进“三大战略”、拓展发展空间、谋划长远发展提供了良好的环境。,2020年06月18日
上港集团,(600018),您好，关于股价问题，请问上港集团现在股价较低，公司是否有考虑进行布局以拉升股价？,公司股价的波动受诸多因素影响，其中公司的基本面是重要因素，但宏观经济状况和二级市场供求关系的影响也不容忽视。对于公司而言，我们重视股价表现，核心工作在于提升效益增长并保持公司利润的可持续增长，这是支撑股价最重要的保障。,2020年06月12日
上港集团,(600018),请问上港集团今年的分红什么时候分。,公司于6月5日召开的股东大会审议通过了2019年度利润分配方案。根据《公司章程》规定，股东大会对利润分配方案作出决议后，将在股东大会召开后2个月内完成股利派发事项。公司将按照《公司章程》规定执行分红。敬请关注公司后续相关公告。,2020年07月09日
上港集团,(600018),上港集团地处上海这个改革开放前沿阵地，自由贸易港在国内不具有排他性吧？这意味着小洋山港仍有可能被定位为自由贸易港，可以这么理解吗？,十九报告提出，推动形成全面开放新格局。赋予自由贸易试验区更大改革自主权，探索建设自由贸易港。2017年3月国务院印发的《全面深化中国(上海)自由贸易试验区改革开放方案》中提到，在上海的洋山保税港区和上海浦东机场综合保税区等海关特殊监管区域内设立自由贸易港区，对标国际最高水平，实行更高标准的“一线放开”、“二线安全高效管住”的贸易监管制度。,2020年06月19日
上港集团,(600018),上港集团是否有计划参与海南自由贸易港的建设与合作，包括但不限于股权投资等形式？,海南自由贸易港是按照中央部署，在海南全岛建设自由贸易试验区和中国特色自由贸易港。2020年6月，中共中央、国务院印发了《海南自由贸易港建设总体方案》。目前公司未在海南开展业务。公司作为上海港公共码头的运营商，主营业务为港口相关业务，未来公司将始终坚持主业发展，并关注主业相关的投资项目机会。,2020年06月19日
上港集团,(600018),请问上港集团在西部大开发中有什么中电项目吗？,公司是上海港公共码头的运营商，核心业务涉及港口相关领域，并将持续坚持主业发展。,2020年05月19日
上港集团,(600018),请问上港集团，上海港现在是否为自由贸易港？目前是否有针对上港集团成为自由贸易港的具体政策文件？,十九大的报告提出，要推动形成全面开放新格局，赋予自由贸易试验区更大的改革自主权，并探索建设自由贸易港。2017年3月，国务院发布的《全面深化中国(上海)自由贸易试验区改革开放方案》中指出，在上海洋山保税港区、上海浦东机场综合保税区等海关特殊监管区域内设立自由贸易港区，并对标国际最高水平，实行更高标准的“一线放开”和“二线安全高效管住”的贸易监管制度。,2020年05月27日
上港集团,(600018),近期海南自贸区建设，上港集团是否有考虑参与海南自贸区的建设？,海南自由贸易港是按照中央部署，在海南全岛建设自由贸易试验区和中国特色自由贸易港。2020年6月，中共中央、国务院印发了《海南自由贸易港建设总体方案》。目前公司未在海南开展业务。公司作为上海港公共码头的运营商，主营业务为港口相关业务，未来公司将始终坚持主业发展并关注主业相关的投资项目机会。,2020年06月11日
上港集团,(600018),上港集团今年还有分红吗？往年都公布预案了，今年没有消息。,根据《公司章程》相关规定，股东大会对利润分配方案作出决议后，将在两个月内完成股利派发。公司计划于6月5日召开股东大会审议2019年度利润分配方案，并将按照《公司章程》规定执行分红事项。请关注公司后续相关公告。,2020年05月20日
上港集团,(600018),您好，上港集团是否签约洋山特殊综合保税区，对上港集团未来的发展和推动有多大影响呢？,5月12日，洋山特殊综合保税区（一期）通过联合验收组验收。该区域包括原洋山保税港区陆域和洋山深水港区1-4期码头，占地14.27平方公里。5月16日，洋山特殊综合保税区正式揭牌。随着该保税区各项制度创新政策的实施落地，将加速港航物流要素集聚，有力提升上海国际航运中心的竞争力和影响力，有助于国际贸易便利化和自由化的提升，有利于巩固和提升洋山国际枢纽港功能，以更好地服务于国家战略。,2020年05月19日
上港集团,(600018),上港集团什么时候进行股权分红登记？,根据《公司章程》相关规定，股东大会对利润分配方案作出决议后，将在股东大会召开后2个月内完成股利派发事项。公司计划在6月5日的股东大会上审议2019年度利润分配方案，并将按照《公司章程》规定执行分红事宜。请留意公司后续相关公告。,2020年05月11日
上港集团,(600018),上港集团您好！我注意到新闻中提及小洋山北侧港区即将启动建设，想请问该项目是否已通过审批，具体的开工时间、预计何时可以投入运营，以及预计该项目是否会为上海港和上港集团的发展带来积极影响，谢谢。,公司当前正在开展规划方案的报审工作，后续将按既定建设程序逐步推进项目核准、工程设计等前期任务，在完成前期准备工作后将达到开工条件。小洋山区域综合开发项目的持续推进将进一步助力上海国际航运中心的建设，更好地服务于国家战略，并对公司未来的可持续发展带来积极影响。,2020年05月06日
上港集团,(600018),我想问一下上港集团有关长江战略的布局情况。,公司持续深化长江战略，不断优化长江公司运作机制，并加强与长江沿线港口的资本合作，在宜宾、重庆、宜昌、岳阳、武汉、九江、芜湖、南京、扬州、江阴、张家港、太仓等港口均有投资。公司将利用长江经济带航运联盟机制，深入推动船舶标准化、业务平台化、监管透明化等，以实现长江战略新的生机和活力。,2020年04月30日
上港集团,(600018),上港集团的港口物流板块的毛利率为何如此低，不高于8%，是怎么运营的？,公司2019年度港口物流板块毛利率为7.91%，较上年度7.27%增长了0.64个百分点，下属物流板块企业运营态势保持稳健。,2020年05月13日
上港集团,(600018),我希望能够了解上港集团的土地储备情况。,公司土地主要为港口及相关业务工业用地。,2020年05月06日
上港集团,(600018),2019年的分红预计上港集团什么时候？,根据《公司章程》相关规定，股东大会对利润分配方案作出决议后，将在股东大会召开后2个月内完成股利派发事项。公司计划于6月5日召开股东大会审议2019年度利润分配方案，并将按照《公司章程》规定完成分红事项。请关注公司后续相关公告。,2020年04月30日
上港集团,(600018),上港集团发布的公告称与宁波舟山港达成了战略合作协议，并有利于上港集团的长远发展。在长三角一体化的大趋势下，作为长三角腹地的上海港，除了与宁波舟山港进行合作之外，上港集团是否已经或将要与江浙皖地区其它国际或内运港口进行合作或联运的安排，以此来优化资源的配置，比如南京港、连云港、镇江港、杭州港等港口，能否具体介绍上港集团是如何通过港口联动来推动长三角一体化的？,长三角区域是上海港的重要腹地，上海港与长三角区域的港口，尤其是长江沿线的港口保持着良好的合作。随着长三角一体化发展规划方案的出台，这将助力上海港贯彻长三角一体化高质量发展的国家战略，公司也将借此机遇强化与相关港口的合作关系。,2020年03月27日
上港集团,(600018),请问上港集团业务结构中有没有原油仓储服务？仓储总容量是多少？目前使用率如何？谢谢！,公司下属企业有开展原油仓储服务业务，仓储容量目前使用率约95%。,2020年04月22日
上港集团,(600018),上港集团公布了2019年年报，前三季度扣非净利润均实现同比增长，但第四季度却出现同比下滑。这种一正一反的情况意味着第四季度的扣非净利润显著减少。按常理推断，鉴于第四季度贸易战已有所缓和，主营业务收入应不至于大幅滑坡，然而实际情况却让人困惑不解。现请求上港集团详细说明造成这一业绩逐季增长趋势突然大幅逆转的具体原因。,营业收入同比有所减少，主要是由于公司下属子公司开发建设的“上海长滩”项目三期在2019年开盘时间较晚，导致四季度房产销售收入同比有所减少。,2020年04月10日
上港集团,(600018),上港集团一季度财报中资产负债表的存货这一栏都是什么呢，谢谢。,资产负债表中的存货主要包括尚在建设过程中的房地产开发成本和房地产开发产品。,2020年05月05日
上港集团,(600018),上港集团的股价跌成这样，给投资者造成了严重的损失。上港集团对股价的持续阴跌没有任何措施吗？,股价波动受诸多因素影响，其中公司的基本面是重要因素，宏观经济状况与二级市场供求关系对股价的影响也不容忽视，请投资者留意投资风险。我们持续关注公司股价，并不断提升公司效益，以保持可持续发展。,2020年04月20日
上港集团,(600018),请问上港集团，上港球队是否与上港集团并表管理。球队能够盈利是否存在内部利益输送的情况？上港球队的相关报表数据在哪里可以查阅。,上海上港集团足球俱乐部有限公司为本公司下属全资子公司，公司全面负责其管理运营，致力于长远发展，目标是运用公司的管理经验提升俱乐部，并通过数年的稳步发展，探索并实现俱乐部的盈利模式，力图将俱乐部建设成为运动成绩卓越、形象积极正面的足球俱乐部。关于具体财务数据，请参阅公司2019年年度报告内容。,2020年04月21日
上港集团,(600018),上港集团在柬埔寨港口的99年使用权是贵公司租用的吗？,公司目前没有该项目。,2020年03月02日
上港集团,(600018),021-55333388是上港集团年报上提供的电话号码，拨打该电话时要么无人接听，要求拨打分机号但上港集团并未公布具体分机信息，建议转接证券部或联系丁向明，然而上港集团接电话的工作人员均表示无法查询到相关分机号。请上港集团正面回答：分机号是多少？,公司对外投资者热线和传真为021-35308688。,2020年03月16日
上港集团,(600018),上港集团，上海长滩是贵公司的房地产业务吗，其收入是否计入上港集团的利润？请简要介绍一下上港集团的房地产业务情况。,公司目前房地产业务项目包括上海长滩项目和军工路项目。上海长滩项目由公司全资子公司上港集团瑞泰发展有限责任公司负责开发，其收益已计入公司利润。军工路项目正处于建设阶段，2019年度未实现收益。详细信息可查阅公司发布的2019年年度报告。,2020年03月28日
上港集团,(600018),请问这次新冠肺炎疫情对上港集团影响有多严重，上港集团有何应对措施？,在防控态势向稳向好之时，公司切实按照抓紧抓实抓细的要求，坚持“全港一盘棋”，发挥整体优势，全力以赴做好疫情防控工作，同时咬定目标推进复工复产。公司干部职工坚守岗位、坚守一线，以实际行动保障港口运输通道的畅通和高效，竭尽全力将疫情对港口生产的影响降至最低，坚决打赢疫情防控阻击战。,2020年03月13日
上港集团,(600018),上港集团，海外疫情是否会严重影响贵公司的港口业务？当前已采取了哪些措施来应对？,公司将全力以赴做好疫情防控工作，按照抓紧抓实抓细的要求，推进复工复产，以实际行动保障港口运输通道的畅通和高效，尽最大努力把疫情对港口生产的影响降到最低，打赢疫情防控阻击战。,2020年03月13日
上港集团,(600018),请问上港集团对于上海银行和邮储银行的投资收益是如何测算的？是否按照二级市场股价的变动计算收益？,关于公司对两家银行投资收益的测算情况，请查阅公司发布定期报告中的相关内容。,2020年03月13日
上港集团,(600018),请问上港集团证券部电话多少？如何联系到上港集团，要求提供分机号。,公司在历年年度报告中披露了联系方式，包括联系人、电话、地址、邮箱、传真等信息，投资者可通过电话、邮件等方式与公司进行联系。,2020年03月13日
上港集团,(600018),请问上港集团4月解禁的定增成本是多少？,公司在2018年年度报告中披露了限售股份变动相关情况，敬请查阅。,2020年02月04日
上港集团,(600018),上港集团和洋山港什么关系呀？,公司下属子公司经营和管理洋山一期至三期码头，目前也受托经营管理洋山港四期码头。,2018年02月05日
上港集团,(600018),上港集团前三季度利润同比增加，而年报却出现负增长？是什么原因导致上港集团第四季度盈利的降低？,公司年度业绩情况和原因分析请具体查阅公司后续发布的年度报告内容。,2020年01月09日
上港集团,(600018),请问上港集团投资足球队出于什么目的？是否以盈利为目的？,上港集团全面负责俱乐部的管理运营，其长远目标是将集团的管理经验应用到俱乐部中，并通过数年的稳步发展，探寻俱乐部的盈利模式，力图打造一个运动成绩顶尖、形象积极正面的足球俱乐部。,2019年10月14日
上港集团,(600018),上港集团，什么时候分红？,"根据2019年5月31日公司2018年年度股东大会决议，2018年度利润分配方案为：以公司总股本23,173,674,650股为基数，每10股派发现金红利1.54元（含税）。2019年6月20日，公司董事会在《上海证券报》、《中国证券报》、《证券时报》和上交所网站上发布了2018年度利润分配实施公告，确定派息股权登记日为2019年6月27日，除息日为2019年6月28日，现金红利发放日也为2019年6月28日，派息对象为2019年6月27日上海证券交易所收市后，在中登公司上海分公司登记在册的全体股东。2018年度现金分红方案已于2019年6月28日完成实施。2019年半年度公司利润分配方案为不分配不转增。",2019年08月12日
上港集团,(600018),请问上港集团半年报什么时候出，预报什么时候出。,根据上海证券交易所预约的披露时间，公司计划于2019年8月1日披露半年度报告。,2019年07月09日
上港集团,(600018),请问上港集团18年度股份分红了吗？,"根据2019年5月31日公司2018年年度股东大会决议，2018年度利润分配方案为：以公司总股本23,173,674,650股为基数，向派息公告中确认的股权登记日在册的全体股东每10股派发现金红利1.54元（含税）。2019年6月20日，公司董事会在《上海证券报》、《中国证券报》、《证券时报》和上交所网站发布了2018年度利润分配实施公告，确定派息股权登记日为2019年6月27日，除息日为2019年6月28日，现金红利发放日也为2019年6月28日。派息对象为2019年6月27日上海证券交易所收市后，在中登公司上海分公司登记在册的全体股东。2018年度现金分红方案已于2019年6月28日实施完成。",2019年06月19日
上港集团,(600018),"尊敬的董秘，您好！上港集团作为行业内的领军企业，我们十分关注其经营状况。您能否保证上港集团能够实现稳定营收呢？

（替换并精简后）

上港集团能否保证实现稳定营收？",根据公司已披露的2019年财务预算目标，设定当年营业收入预算为419.0亿元，预计同比增长10.1%。公司将积极进取，实事求是，致力于实现经营业绩的稳步提升。,2019年06月03日
上港集团,(600018),上港集团您好，请问“上海科创中心一期股权投资基金”主要投哪些行业？有什么已投的主要项目？,科创母基金一期基金专注战略新兴产业，紧跟国家和上海市科技创新产业规划布局，核心对接“中国制造2025”，着重关注信息技术、生物医药、先进制造、环保新能源等行业。其重点投资区域集中于上海地区高新科创园区（涵盖张江一区22园及紫竹园、杨浦、漕河泾、嘉定、临港等）以及上海股交中心“科技创新板”，并逐步向周边区域扩展。,2019年05月29日
上港集团,(600018),上港集团，您好，请问您估计“上海科创中心一期股权投资基金”的第三批出资4亿元，预计上港集团什么时候认缴？谢谢。,2017年，公司与上海国际集团有限公司等六家合伙人共同投资设立了上海科创中心一期股权投资基金合伙企业（有限合伙），该基金募集资金规模为人民币65.2亿元，公司认缴人民币10亿元。其中，2017年出资到位人民币3亿元，2018年出资到位人民币3亿元，剩余认缴部分预计将于2019年内出资到位。,2019年04月23日
上港集团,(600018),上港集团是否投资了股权投资基金或股权投资合伙企业？如有，具体是哪个基金，金额多少亿？,"2017年，公司与上海国际集团有限公司等六家合伙人共同投资设立了上海科创中心一期股权投资基金合伙企业（有限合伙），该基金募集资金规模为人民币65.2亿元，公司认缴人民币10亿元。2017年实际出资人民币3亿元，2018年同样出资到位人民币3亿元。截至2018年末，公司认缴的资本已全部出资到位，总计人民币6亿元。

注：已去除打招呼、寒暄语句。",2019年04月02日
上港集团,(600018),上港集团的有息债务从2014年的232亿增加到2018年的517亿，请披露上港集团有息债务的使用情况。,为了保证信息披露的公平性，请关注公司将于2019年3月披露的2018年年度报告，其中将包含有息债务情况。,2019年02月15日
上港集团,(600018),"1、中美贸易战对上港集团去往美国的业务有多大负面影响，比例是多少？
2、三季度和四季度相对于二季度来说，对于上港集团是旺季还是淡季？如果是旺季，一般会高多少？
3、上港集团手上现金充足，近期有没有股票回购计划？
4、11月份的中国进口博览会对上港集团能否形成正面影响？",根据过往数据，公司季节性基本呈现春节假期所在的一季度为全年低点，其余季度相对较高、下半年相对上半年较高的分布特征。具体月度吞吐量数据可查询公司网站。公司目前暂无回购计划。2018年11月，首届中国国际进口博览会在国家会展中心（上海）举办，该博览会既满足了中国自身发展的需求，也为全球贸易搭建了公共平台，并为构建开放型经济和人类命运共同体提供了国际公共产品。进博会将有助于上海港承接更多的全球贸易需求。公司将把握进博会带来的机遇与挑战，持续发挥技术、市场、管理和品牌等方面的优势，以保持稳健发展态势。,2018年09月25日
上港集团,(600018),请问，新建的洋山港和上港集团是什么关系？,2005年6月，本公司子公司上海盛东国际集装箱码头有限公司收购了洋山深水港区一期工程。2011年4月，公司通过非公开发行A股完成对洋山二期、三期码头资产的收购。2017年12月，本公司与上海同盛投资（集团）有限公司签署协议，接手经营管理洋山深水港区四期码头，并明确了在受托运营期间的管理责任与义务。,2018年05月21日
上港集团,(600018),上港集团和宁波舟山港存在严重的腹地交叉，而且集装箱都是两公司的重要利润来源，上港集团是如何处理与宁波舟山港的竞争和合作的呢？浙江港口整合会不会对上港集团经营产生压力呢？,长三角地区港口众多，主要包括上海港、宁波舟山港、南京港、镇江港、南通港、苏州港等。近年来，该区域港口积极扩建产能，供给持续增长，主要港口加大投资内陆沿江港口和“无水港”，腹地直接延伸至内陆地区。上海港具有内河与沿海港口的双重优势，在竞争中占据有利地位。长江腹地的国际贸易和沿海贸易货物大部分需通过沿海港口中转，其中，上海港作为长三角的核心枢纽港，是长三角地区及整个长江流域货物中转运输的关键中心。,2018年06月07日
上港集团,(600018),上港集团属于独角兽吗？,独角兽公司一般指投资界对于10亿美元以上估值，并且创办时间相对较短的公司的称谓。公司不属于此类独角兽公司。,2018年04月03日
上港集团,(600018),上港集团是属于独角兽吗？,独角兽公司一般指投资界对于10亿美元以上估值，并且创办时间相对较短的公司的称谓。公司不属于此类独角兽公司。,2018年04月18日
上港集团,(600018),上港集团跟海南自贸区或者海南港口合作业务吗？,目前公司尚未有相关业务。,2018年04月18日
上港集团,(600018),请问中美贸易战会对上港集团业绩有影响吗？上港集团有否评估有多大影响？或采取什么应对措施？谢谢！,公司从事的港口行业属于国民经济基础产业，其发展水平与宏观经济紧密相关。未来世界经济贸易状况、区域政治不确定因素、激烈的港口竞争、全球科技进步以及转型升级的加快等因素都将对港口主业带来严峻挑战。公司将积极应对各项变化，在聚焦主业的同时，寻求在多元产业发展中取得新的突破，并在转型过程中持续形成新的竞争优势，以实现企业稳步发展。,2018年04月03日
上港集团,(600018),请问上港集团今年的分红方案什么时候出台。,公司将于2018年5月18日召开年度股东大会，审议利润分配方案。在股东大会审议通过后的两个月内，公司将实施分红，具体时间敬请关注后续发布的相关临时公告。,2018年05月08日
上港集团,(600018),2015年上港集团公布的每10股派1.54元，都2017年4月了。上港集团怎么还没到帐呢？,"2015年度利润分配方案为：以公司总股本23,173,674,650股为基数，向全体股东每10股派发现金红利1.54元（含税）。董事会于2016年7月12日在相关媒体和上交所网站上发布了2015年度利润分配实施公告，确定股权登记日为2016年7月18日，除息日为2016年7月19日，现金红利发放日同样为2016年7月19日，派息对象为2016年7月18日上海证券交易所收市后，在中登公司上海分公司登记在册的全体股东。该年度现金分红方案已于2016年7月19日完成实施。",2017年04月18日
上港集团,(600018),请问上港集团为何如此热衷于高价买卖球员？其中是否存在不当得利？上证指数2016年全年跌幅11%，上港集团全年跌幅21%，上港集团如何看待？,上海上港集团足球俱乐部有限公司为公司全资子公司，其存在是上港集团实现自身发展、回馈社会及积极履行社会责任，投身于上海城市建设与体育发展的举措之一。同时，该公司也是在国家大力推动体育产业，尤其是足球产业发展背景下，我们涉足体育产业的一次关键尝试。该公司立足长远，旨在将上港集团的管理经验应用到俱乐部运营中，并通过数年的稳健发展，探寻并建立起俱乐部盈利模式，最终将俱乐部建设成为运动成绩卓越、形象积极正面的足球俱乐部。,2016年12月27日
上港集团,(600018),上港集团董秘办是什么时候成立的，现在有多少人？,公司自2006年上市以来，根据相关法律法规和公司章程，一直设有董事会办公室。,2016年12月23日
上港集团,(600018),"尊敬的董秘，您好！请问上港集团下属地产公司的上海上百万平米地产项目何时可以进入市场销售？是否存在明确的时间规划表？

替换并精简后的句子：

上港集团下属地产公司的上海上百万平米地产项目何时可以上市销售？是否有时间表？",公司将严格按照中国证监会及上海证券交易所有关规定履行信息披露义务，敬请投资者留意。,2016年11月28日
上港集团,(600018),上港集团600018，贵公司是否是即将上市的上海银行股份有限公司第二大股东，上市后上港集团持有多少股份，占上海银行股份有限公司总股本比例为多少，谢谢。,"11月16日，上海银行股份有限公司（证券代码：601229.SH）在上海证券交易所上市。上港集团现直接持有上海银行38,912万股，占其发行后总股本的6.48%。",2016年11月04日
上港集团,(600018),上港集团是否为即将上市交易的新股上海银行的第二大股东，目前上港集团持有上海银行的股票市值是否为56亿元左右，请解答。,"11月16日，上海银行股份有限公司（证券代码：601229.SH）在上海证券交易所上市。上港集团当前直接持有上海银行38,912万股，占其发行后总股本的6.48%。",2016年11月14日
上港集团,(600018),上港集团在招股说明书上被指明持有上海银行601229 7.2%的股份，是否属实？为何上港集团的核心题材中未包含此项投资内容？,"11月16日，上海银行股份有限公司（证券代码：601229.SH）在上海证券交易所上市。上港集团当前直接持有该银行38,912万股股份，占其发行后总股本的6.48%。根据《上海证券交易所股票上市规则》，公司历年年度报告和可持续发展报告中对此项投资持续进行披露。",2016年09月26日
上港集团,(600018),上港集团参与邮储银行IPO？,参与邮储银行IPO的详细内容，请参阅公司于2016年9月12日和2016年9月29日发布的《上港集团对外投资公告》及《上港集团对外投资进展公告》。,2016年09月12日
上港集团,(600018),上港集团是否是上银股东（601229）？持股数量是多少？,"上港集团目前持有上海银行股份有限公司38,912万股，占其发行后总股本的6.48%，是上海银行的第二大股东。",2016年09月26日
上港集团,(600018),上港集团与锦江航运合并，实施状况如何，是否需要停牌？,公司根据整体发展战略，计划收购上海锦江航运（集团）有限公司部分股权。2015年7月13日，在第二届董事会第三十八次会议上审议并通过，董事会批准公司以现金方式收购锦江航运合计79.1954%的股权，对应收购价格上限为人民币19.419亿元。具体而言，将收购上海国际集团有限公司持有的锦江航运47.9884%股权，价格不超过人民币11.767亿元；同时收购上海久事公司持有的锦江航运31.2070%股权，价格不超过人民币7.652亿元。详细信息可参见公司分别于2015年4月24日和2015年7月14日发布的《上港集团关于收购上海锦江航运（集团）有限公司部分股权意向的公告》（临2015-021）、《上港集团二届董事会第三十八次会议决议公告》（临2015-038）。按照上海证券交易所的相关规则，在披露该事项时，公司股票未进行停牌。,2015年08月28日
上港集团,(600018),上港集团，听说长江养老保险持有贵公司4.18亿股，请问是否属实。2014年上港集团的员工持股计划中，由受托管理该计划的资管机构——长江养老设立专项产品，用于认购上港集团非公开发行的4.18亿股，此举是否开启了养老金入市新模式？请确认并介绍一下实际情况，谢谢！,长江养老保险是上港集团2014年度员工持股计划的管理机构，其以上港集团2014年度员工持股计划专项投资账户中的资金认购公司该次非公开发行股份，资金来源于员工自筹资金，包括但不限于员工合法薪资及法律行政法规许可的其他筹集方式。详细内容请参阅公司于2014年11月18日在上海证券交易所网站发布的《上港集团2014年度员工持股计划（草案）（以认购非公开发行股票方式）》等相关文件。,2015年08月25日
上港集团,(600018),"上港集团是否参与海外港口运营权的洽谈？布局海外港口，是否是上港集团饯行""一带一路""的具体措施？对于该类投资标的，上港集团如何防止国资流失，以期互惠共赢？",公司已成功中标以色列海法新港自2021年起为期25年的码头经营权。这一投资标志着上港集团国际化战略的又一重要进展，将有助于拓展集团的国际营运网络，并提升其国际化水平及海外码头建设管理能力。此外，投资该项目是上港集团对国家“一带一路”整体战略的积极响应，有利于促进上海港与“海上丝绸之路”沿线港口间的业务联系。,2015年06月18日
上港集团,(600018),请问上港集团6月30日的股东人数？,为了保证信息披露的公平性，股东人数情况敬请关注公司将于2015年8月28日披露的2015年中报。,2015年07月06日
上港集团,(600018),请问上港集团购买锦江航运股权进展。,公司二届三十八次董事会已审议通过《关于收购上海锦江航运（集团）有限公司部分股权的议案》。董事会批准公司以现金方式收购上海锦江航运（集团）有限公司合计79.1954%股权，该股权对应的收购价格不超过人民币19.419亿元。详细信息请参阅公司于2015年7月14日发布的2015-038公告。,2015年06月26日
上港集团,(600018),上港集团现有股东数多少？,为了保证信息披露的公平性，股东人数情况敬请关注公司将于2015年8月28日披露的2015年中报。,2015年06月11日
上港集团,(600018),上港集团在宝山的港区集装箱运输车辆严重影响交通，是否有搬迁计划？上港足球队所有权是否为上港集团所有？上港集团是否有发展、做大足球体育产业的计划？,上海上港集团足球俱乐部有限公司为公司全资子公司。公司整体收购东亚足球俱乐部，是发展自身、回报社会及履行社会责任，投身上海城市建设和体育发展的一部分，同时也是在国家加快体育产业尤其是足球产业发展背景下，对涉足体育产业的一次关键尝试。上港集团全面负责俱乐部管理运营，着眼长远发展，目标是将上港集团的管理经验应用到俱乐部，并通过数年的稳定发展，探寻俱乐部盈利模式，力图打造一个运动成绩顶尖、形象积极正面的足球俱乐部。,2015年04月22日
上港集团,(600018),"尊敬的董秘，您好！上港集团下属的足球队是否属于上市公司的一部分？对于每年投入如此巨大的资金在足球队上，贵公司是否感到心疼？

精简后：

上港集团下属的足球队是否属于上市公司？上港集团对于每年在足球队上投入大量资金是否感到心疼？",2014年，公司以16657.06万元现金收购了上海东亚足球俱乐部有限公司的全部股权，并更名为上海上港集团足球俱乐部有限公司。收购完成后，公司再投入现金人民币1500万元进行增资，增资后该公司的注册资本达到3000万元。,2015年03月02日
上港集团,(600018),"1、上港集团收购同盛集团资产的进展情况如何？
2、2015年第一季度能否完成对同盛的相关收购工作？",2014年11月15日，上港集团与同盛集团签订《股权转让协议框架协议》。根据《上海证券交易所股票上市规则》及《上海证券交易所上市公司关联交易实施指引》等规定，本次交易构成关联交易。当前，相关中介机构正在对标的资产进行审计和评估工作。上港集团、同盛集团及其他交易各方将依照相关法律法规，结合资产评估结果确定本次资产收购的价格，并依据《上海证券交易所股票上市规则》相关规定及时履行信息披露义务。,2015年02月16日
上港集团,(600018),上港集团，上海上港足球队是否为贵公司旗下俱乐部？贵公司是否有对其投资建设？投资额具体是多少？该项目是否产生收益？,2014年，公司以现金人民币16657.06万元收购了上海东亚足球俱乐部有限公司全部股权，并更名为上海上港集团足球俱乐部有限公司。收购完成后，公司再以现金人民币1500万元对该公司进行增资，增资后该公司的注册资本达到人民币3000万元。,2015年02月06日
上港集团,(600018),上港集团，希望利润去自买股票然后注销。再用掉公积金分股，可行不？,公司利润分配政策如下：在弥补亏损和提取公积金后的税后利润，按股东持股比例进行分配。通常情况下，公司按年度分配可供分配的利润，必要时可进行中期利润分配。公司坚持积极的股利政策，每年分配不少于当年可分配利润50%的部分给股东，分配方式可采用现金、股票或两者结合，以及其他法律、行政法规认可的形式。在利润分配中，优先考虑现金分红，具备现金分红条件时，应采取现金分红方式进行利润分配。公司每年都严格遵守《公司章程》中的相关规定执行利润分配。,2015年01月16日
上港集团,(600018),上港集团如何杜绝因授权给资产管理公司管理股份后的非法利益输送，因为购买后无法通过中登公司查询个人股份数额，总募资金完全可以虚报，并且通过资产管理公司暗箱操作，违背员工意愿，上港集团通过何种方法向全体集团员工说明具体募资情况；,"以下是去掉打招呼、寒暄语句后的文本：

根据中国证监会《关于上市公司实施员工持股计划试点的指导意见》，上市公司有权自行管理其员工持股计划，也可委托具备资产管理资质的机构进行管理，这些机构包括：（1）信托公司；（2）保险资产管理公司；（3）证券公司；（4）基金管理公司；（5）其他符合条件的资产管理机构。在设立员工持股计划时，参加对象投入的所有现金资产将用于认购上港集团本次非公开发行的股票，该非公开发行股票的锁定期为36个月，自发行结束之日起开始计算。",2014年10月28日
上港集团,(600018),上港集团的职工持股计划如何保证职工利益不受侵犯，比如三年后股价跌破该计划的发行价，上港集团大股东是否会溢价收购全部股份；如何杜绝股份摊派情况，并避免由此导致职工士气低落，进而影响上市公司发展。,公司按照中国证监会《关于上市公司实施员工持股计划试点的指导意见》等有关法律、法规的规定，遵循自主决定和员工自愿参加原则，率先实施员工持股计划，以积极推进并深化混合所有制发展，构建员工持股长效机制。,2014年10月28日
上港集团,(600018),上港集团是否会直接受益？对公司未来发展会不会产生重大影响？,"去掉打招呼、寒暄语句后的段落如下：

上海自贸区的获批，将有效带动长三角地区出口加工、贸易、服务产业的发展，并带来上海国际航运中心建设新一轮的发展，但短期内对本公司业绩的具体影响尚无法估计。",2013年08月19日
上港集团,(600018),咨询一下，目前上海自贸区规划方案已获国务院正式批准。请问上港集团，作为上海首屈一指的集合了集装箱装卸业务、散杂货装卸业务、港口服务业务和港口物流业务等业务的国际港务公司，在面临如此历史性的大机遇时，对于上海自贸区的建设是否有自己的规划与布局？,2013年9月27日，国务院发布《国务院关于印发中国（上海）自由贸易试验区总体方案的通知》（国发〔2013〕38号），当时相关细则及实施流程尚待明确。公司会积极关注上海自贸区的相关政策与信息，并结合公司实际以及战略规划，开展生产经营、企业发展等相关工作。,2013年08月27日
上港集团,(600018),年报显示上港集团有5笔委托贷款展期，是否因为借款方存在偿还困难？,"去掉打招呼、寒暄语句后的文本如下：

相关单位根据自身经营实际及资金安排需要向公司申请委托贷款展期，公司结合相关单位生产经营实际给予展期。",2013年08月28日
上港集团,(600018),从上港集团2012年年报、2013年一季报看，受营改增影响代理业务收支口径变化，收入、成本同比大幅增长，请问收支口径是如何变化的，是否是将以往全部代收代付项目计入了上港集团收入、成本？若是，依据具体哪个文件规定？,"去掉打招呼、寒暄语句后的段落：

受营改增因素影响，上港集团的代理业务收支口径发生变化，导致收入、成本大幅增长。自2012年1月1日起，公司及上海地区下属公司开始执行由上海市国家税务局、上海市地方税务局联合下发的《关于本市贯彻落实财政部和国家税务总局有关营业税改征增值税试点文件的意见》（沪国税货【2011】45号）。",2013年09月02日
上港集团,(600018),上港集团拥有多少土地？在自贸区内部每亩土地的价格是多少？,"去掉打招呼、寒暄语句后的段落：

上港集团的土地主要是港口生产、仓储用地，是公司生产经营的重要基础。公司码头主要分布于洋山、外高桥和吴淞港区。在这些港区中，洋山、外高桥港区以集装箱装卸作业为主；吴淞港区则主要从事散杂货、件杂货装卸作业。",2013年09月05日
上港集团,(600018),请问截止9月5日上港集团的股东人数较上月同一时间变化多少？谢谢！,为了保证信息披露的公平性，股东人数情况敬请关注公司将于2013年10月30日披露的《2013年第三季度报告》。,2013年09月06日
上港集团,(600018),"尊敬的董秘，您好！我最近一直在关注上港集团的发展动态，想请问一下上港集团在未来几年的战略规划是怎样的？特别是在港口智能化升级以及海外业务拓展这两个方面，上港集团有何具体的布局和计划？此外，我还想了解一下上港集团对于行业竞争态势的看法，以及上港集团如何保持自身竞争优势？

改写后：

我最近一直在关注上港集团的发展动态，想请问上港集团在未来几年的战略规划是怎样的？特别是在港口智能化升级及海外业务拓展这两个方面，上港集团有何具体的布局和计划？另外，还想了解上港集团对行业竞争态势的看法，以及上港集团如何保持自身竞争优势。",上港集团主业经营涵盖港口集装箱、大宗散货和件杂货的装卸生产，以及与港口生产相关的引航、船舶拖带、理货、驳运、仓储、船货代理、集卡运输、国际邮轮服务等港口服务，同时也从事符合港口操作要求的化工品装卸。具体商务事宜请咨询公司生产部门。,2013年09月06日
上港集团,(600018),2013年上港集团什么时间分红？,2013年6月7日，公司召开了股东大会，审议通过了利润分配方案。预计在股东大会后两个月内进行分红，具体时间敬请留意公司未来发布的相关临时公告。,2013年07月11日
